Title,Media URL,Pinterest board,Thumbnail,Description,Link,Publish date,Keywords,Source URL
Title,https://res.cloudinary.com/ddxyyzkuq/image/upload/v1745878599/pin_1_1_fr5sxq.webp,please-provide-the-title-and-keywords-i-need-that-information-to-suggest-a-board-name-once,,Description,https://lawntrend.com/cub-cadet-ltx-1045-problems/?utm_source=pinterest&utm_campaign=title,2025-04-28,Keywords,https://lawntrend.com/cub-cadet-ltx-1045-problems/
Cub Cadet LTX 1045: Fix It Yourself!,https://res.cloudinary.com/ddxyyzkuq/image/upload/v1745878607/pin_1_2_zvyfhf.webp,lawn-repair-ideas,,Is your Cub Cadet LTX 1045 giving you trouble? Don't let lawn care become a headache! This guide dives deep into common problems – from engine issues to blade problems – and provides clear,https://lawntrend.com/cub-cadet-ltx-1045-problems/?utm_source=pinterest&utm_campaign=cub-cadet-ltx-1045-f,2025-04-28,step-by-step solutions you can tackle yourself. Save money on repairs and get back to enjoying your beautiful lawn. We cover everything from diagnosing the issue to finding the right parts. Click to learn more and reclaim your weekends! #CubCadet #LawnTractor #DIYRepair #LawnCare,https://lawntrend.com/cub-cadet-ltx-1045-problems/
Cub Cadet LTX 1045 Problems & Solutions,https://res.cloudinary.com/dbcpfy04c/image/upload/v1618237451/placeholder.jpg,home-inspiration,,"Frustrated with your Cub Cadet LTX 1045? We understand! A broken lawn tractor can ruin summer. This post identifies the most frequent issues owners face, like a weak engine, transmission slips, or cutting inconsistencies. We offer practical troubleshooting tips and repair advice",https://lawntrend.com/cub-cadet-ltx-1045-problems/?utm_source=pinterest&utm_campaign=cub-cadet-ltx-1045-p,2025-04-28,empowering you to fix it yourself. Don't give up on your lawn – get it running smoothly again! Read now! #CubCadetLTX1045 #LawnMowerRepair #FixItYourself #HomeImprovement,https://lawntrend.com/cub-cadet-ltx-1045-problems/
LTX 1045: Engine Troubles? We Can Help,https://res.cloudinary.com/dbcpfy04c/image/upload/v1618237451/placeholder.jpg,home-inspiration,,Is your Cub Cadet LTX 1045 engine sputtering or refusing to start? Don't panic! Our guide breaks down common engine problems,https://lawntrend.com/cub-cadet-ltx-1045-problems/?utm_source=pinterest&utm_campaign=ltx-1045-engine-trou,2025-04-28,from carburetor issues to spark plug failures. We provide detailed instructions and visual aids to help you diagnose and repair the problem. Get your lawn tractor roaring back to life! Click to learn how. #CubCadetEngine #LawnTractorEngine #SmallEngineRepair #DIY,https://lawntrend.com/cub-cadet-ltx-1045-problems/
Cub Cadet LTX 1045: Blade Problems Solved,https://res.cloudinary.com/dbcpfy04c/image/upload/v1618237451/placeholder.jpg,home-inspiration,,"Dull or damaged blades ruining your lawn's appearance? This post focuses on diagnosing and fixing blade-related issues on your Cub Cadet LTX 1045. Learn how to sharpen, balance",https://lawntrend.com/cub-cadet-ltx-1045-problems/?utm_source=pinterest&utm_campaign=cub-cadet-ltx-1045-b,2025-04-28,and replace blades for a pristine cut. A healthy lawn starts with sharp blades! Read our guide now. #LawnTractorBlades #BladeSharpening #CubCadetMaintenance #LawnCareTips,https://lawntrend.com/cub-cadet-ltx-1045-problems/
Transmission Slipping on Your LTX 1045?,https://res.cloudinary.com/dbcpfy04c/image/upload/v1618237451/placeholder.jpg,home-inspiration,,"A slipping transmission on your Cub Cadet LTX 1045 is a serious issue, but not always a deal-breaker! We explore the causes of transmission problems",https://lawntrend.com/cub-cadet-ltx-1045-problems/?utm_source=pinterest&utm_campaign=transmission-slippin,2025-04-28,from low fluid levels to worn-out belts. Learn how to diagnose the issue and explore repair options. Don't let a faulty transmission stop you! #CubCadetTransmission #LawnTractorTransmission #RepairGuide #DIYLawnCare,https://lawntrend.com/cub-cadet-ltx-1045-problems/
Cub Cadet LTX 1045: Fuel System Fixes,https://res.cloudinary.com/dbcpfy04c/image/upload/v1618237451/placeholder.jpg,home-inspiration,,"Is your LTX 1045 struggling with fuel delivery? This guide tackles common fuel system problems, including clogged fuel filters, faulty fuel pumps",https://lawntrend.com/cub-cadet-ltx-1045-problems/?utm_source=pinterest&utm_campaign=cub-cadet-ltx-1045-f,2025-04-28,and carburetor issues. We provide step-by-step instructions to get your lawn tractor running smoothly again. Don't let fuel problems ruin your day! #FuelSystemRepair #CubCadetFuel #LawnTractorFuel #DIYFix,https://lawntrend.com/cub-cadet-ltx-1045-problems/
LTX 1045: Electrical Issues Demystified,https://res.cloudinary.com/dbcpfy04c/image/upload/v1618237451/placeholder.jpg,home-inspiration,,Electrical problems can be tricky! This post simplifies troubleshooting electrical issues on your Cub Cadet LTX 1045,https://lawntrend.com/cub-cadet-ltx-1045-problems/?utm_source=pinterest&utm_campaign=ltx-1045-electrical-,2025-04-28,from faulty wiring to blown fuses. We provide clear diagrams and instructions to help you diagnose and repair the problem safely. Get your tractor powered up! #CubCadetElectrical #LawnTractorWiring #ElectricalRepair #DIY,https://lawntrend.com/cub-cadet-ltx-1045-problems/
Cub Cadet LTX 1045: Belt Replacement Guide,https://res.cloudinary.com/dbcpfy04c/image/upload/v1618237451/placeholder.jpg,home-inspiration,,A broken or worn belt can bring your LTX 1045 to a halt. This guide provides a detailed,https://lawntrend.com/cub-cadet-ltx-1045-problems/?utm_source=pinterest&utm_campaign=cub-cadet-ltx-1045-b,2025-04-28,step-by-step walkthrough of how to replace the drive belt and other belts on your lawn tractor. Save money and get back to mowing! Click to learn more. #LawnTractorBelt #CubCadetBelt #BeltReplacement #DIYMaintenance,https://lawntrend.com/cub-cadet-ltx-1045-problems/
LTX 1045: Steering Problems? Fix It Now!,https://res.cloudinary.com/dbcpfy04c/image/upload/v1618237451/placeholder.jpg,home-inspiration,,"Is your Cub Cadet LTX 1045 steering feeling loose or unresponsive? This post covers common steering issues and provides solutions, from adjusting the steering linkage to replacing worn parts. Enjoy smooth",https://lawntrend.com/cub-cadet-ltx-1045-problems/?utm_source=pinterest&utm_campaign=ltx-1045-steering-pr,2025-04-28,precise control again! Read our guide. #LawnTractorSteering #CubCadetSteering #SteeringRepair #DIY,https://lawntrend.com/cub-cadet-ltx-1045-problems/
LTX 1045: Mowing Deck Maintenance Tips,https://res.cloudinary.com/dbcpfy04c/image/upload/v1618237451/placeholder.jpg,home-inspiration,,"Keep your LTX 1045 mowing deck in top condition! This post covers essential maintenance tasks, like cleaning, leveling, and inspecting for damage. A well-maintained deck ensures a beautiful",https://lawntrend.com/cub-cadet-ltx-1045-problems/?utm_source=pinterest&utm_campaign=ltx-1045-mowing-deck,2025-04-28,even cut. Learn how! #LawnTractorDeck #CubCadetDeck #MowingDeckMaintenance #LawnCare,https://lawntrend.com/cub-cadet-ltx-1045-problems/
Cub Cadet LTX 1045: Battery Care & Issues,https://res.cloudinary.com/dbcpfy04c/image/upload/v1618237451/placeholder.jpg,home-inspiration,,"Is your LTX 1045 battery failing to hold a charge? This guide covers battery care, testing",https://lawntrend.com/cub-cadet-ltx-1045-problems/?utm_source=pinterest&utm_campaign=cub-cadet-ltx-1045-b,2025-04-28,and replacement. Learn how to keep your battery in top condition and avoid frustrating starting problems. Don't get stranded! #LawnTractorBattery #CubCadetBattery #BatteryCare #DIY,https://lawntrend.com/cub-cadet-ltx-1045-problems/
LTX 1045: Tire Pressure & Maintenance,https://res.cloudinary.com/dbcpfy04c/image/upload/v1618237451/placeholder.jpg,home-inspiration,,Proper tire pressure is crucial for a smooth ride and optimal performance. This post explains how to check and adjust the tire pressure on your Cub Cadet LTX 1045,https://lawntrend.com/cub-cadet-ltx-1045-problems/?utm_source=pinterest&utm_campaign=ltx-1045-tire-pressu,2025-04-28,and provides tips for tire maintenance. Get the most out of your tires! #LawnTractorTires #CubCadetTires #TireMaintenance #LawnCare,https://lawntrend.com/cub-cadet-ltx-1045-problems/
Cub Cadet LTX 1045: Safety First! Repair Tips,https://res.cloudinary.com/dbcpfy04c/image/upload/v1618237451/placeholder.jpg,home-inspiration,,"Safety is paramount when working on your LTX 1045. This post emphasizes essential safety precautions to take before, during",https://lawntrend.com/cub-cadet-ltx-1045-problems/?utm_source=pinterest&utm_campaign=cub-cadet-ltx-1045-s,2025-04-28,and after any repair. Protect yourself and your equipment! Read our safety guide. #LawnTractorSafety #CubCadetSafety #RepairSafety #DIY,https://lawntrend.com/cub-cadet-ltx-1045-problems/
LTX 1045: Finding Parts & Resources,https://res.cloudinary.com/dbcpfy04c/image/upload/v1618237451/placeholder.jpg,home-inspiration,,Need parts for your Cub Cadet LTX 1045 repair? This post provides a list of reliable sources for finding parts,https://lawntrend.com/cub-cadet-ltx-1045-problems/?utm_source=pinterest&utm_campaign=ltx-1045-finding-par,2025-04-28,including online retailers and local dealers. We also share helpful resources for troubleshooting and repair. #CubCadetParts #LawnTractorParts #RepairResources #DIY,https://lawntrend.com/cub-cadet-ltx-1045-problems/
Cub Cadet LTX 1045: Winterizing Guide,https://res.cloudinary.com/dbcpfy04c/image/upload/v1618237451/placeholder.jpg,home-inspiration,,Prepare your LTX 1045 for winter storage! This post provides a step-by-step guide to winterizing your lawn tractor,https://lawntrend.com/cub-cadet-ltx-1045-problems/?utm_source=pinterest&utm_campaign=cub-cadet-ltx-1045-w,2025-04-28,protecting it from damage and ensuring it's ready to go when spring arrives. Don't skip this crucial step! #LawnTractorWinterizing #CubCadetWinter #WinterStorage #LawnCare,https://lawntrend.com/cub-cadet-ltx-1045-problems/
LTX 1045: Common No-Start Issues,https://res.cloudinary.com/dbcpfy04c/image/upload/v1618237451/placeholder.jpg,home-inspiration,,Can't get your LTX 1045 to start? This post focuses on the most common reasons why your lawn tractor won't start,https://lawntrend.com/cub-cadet-ltx-1045-problems/?utm_source=pinterest&utm_campaign=ltx-1045-common-no-s,2025-04-28,and provides troubleshooting steps to get you back up and running. Don't let a no-start ruin your day! #NoStartProblems #CubCadetTroubleshooting #LawnTractorRepair #DIY,https://lawntrend.com/cub-cadet-ltx-1045-problems/
Cub Cadet LTX 1045: Oil Change Guide,https://res.cloudinary.com/dbcpfy04c/image/upload/v1618237451/placeholder.jpg,home-inspiration,,Regular oil changes are essential for engine health. This post provides a detailed guide to changing the oil on your Cub Cadet LTX 1045,https://lawntrend.com/cub-cadet-ltx-1045-problems/?utm_source=pinterest&utm_campaign=cub-cadet-ltx-1045-o,2025-04-28,ensuring optimal performance and longevity. Keep your engine running smoothly! #LawnTractorOilChange #CubCadetOil #OilChange #DIYMaintenance,https://lawntrend.com/cub-cadet-ltx-1045-problems/
LTX 1045: Cleaning & Detailing Tips,https://res.cloudinary.com/dbcpfy04c/image/upload/v1618237451/placeholder.jpg,home-inspiration,,Keep your LTX 1045 looking its best! This post provides tips for cleaning and detailing your lawn tractor,https://lawntrend.com/cub-cadet-ltx-1045-problems/?utm_source=pinterest&utm_campaign=ltx-1045-cleaning-de,2025-04-28,from washing the deck to polishing the body. A clean tractor is a happy tractor! #LawnTractorCleaning #CubCadetDetailing #LawnCareTips #DIY,https://lawntrend.com/cub-cadet-ltx-1045-problems/
Cub Cadet LTX 1045: Hydrostatic Issues,https://res.cloudinary.com/dbcpfy04c/image/upload/v1618237451/placeholder.jpg,home-inspiration,,Experiencing problems with the hydrostatic transmission on your LTX 1045? This post dives into common issues and potential solutions,https://lawntrend.com/cub-cadet-ltx-1045-problems/?utm_source=pinterest&utm_campaign=cub-cadet-ltx-1045-h,2025-04-28,helping you diagnose and address problems with speed control and movement. #HydrostaticTransmission #CubCadetHydro #LawnTractorRepair #DIY,https://lawntrend.com/cub-cadet-ltx-1045-problems/
LTX 1045: Smoker? Troubleshooting Exhaust,https://res.cloudinary.com/dbcpfy04c/image/upload/v1618237451/placeholder.jpg,home-inspiration,,"Is your Cub Cadet LTX 1045 producing excessive smoke? This post helps you identify the cause of the smoke (blue, black",https://lawntrend.com/cub-cadet-ltx-1045-problems/?utm_source=pinterest&utm_campaign=ltx-1045-smoker-trou,2025-04-28,or white) and provides troubleshooting steps to resolve the issue. #LawnTractorSmoke #CubCadetExhaust #EngineTroubleshooting #DIY,https://lawntrend.com/cub-cadet-ltx-1045-problems/
Cub Cadet LTX 1045: Vibration Problems,https://res.cloudinary.com/dbcpfy04c/image/upload/v1618237451/placeholder.jpg,home-inspiration,,"Excessive vibration can indicate serious issues. This post explores the causes of vibration on your LTX 1045, from loose parts to engine imbalances",https://lawntrend.com/cub-cadet-ltx-1045-problems/?utm_source=pinterest&utm_campaign=cub-cadet-ltx-1045-v,2025-04-28,and provides solutions to restore smooth operation. #LawnTractorVibration #CubCadetRepair #Troubleshooting #DIY,https://lawntrend.com/cub-cadet-ltx-1045-problems/
LTX 1045: Overheating? Coolant System Guide,https://res.cloudinary.com/dbcpfy04c/image/upload/v1618237451/placeholder.jpg,home-inspiration,,"Is your LTX 1045 overheating? This post covers the coolant system, including checking fluid levels, inspecting the radiator",https://lawntrend.com/cub-cadet-ltx-1045-problems/?utm_source=pinterest&utm_campaign=ltx-1045-overheating,2025-04-28,and troubleshooting potential problems. Prevent engine damage! #LawnTractorCoolant #CubCadetOverheating #EngineRepair #DIY,https://lawntrend.com/cub-cadet-ltx-1045-problems/
Cub Cadet LTX 1045: Preventative Maintenance,https://res.cloudinary.com/dbcpfy04c/image/upload/v1618237451/placeholder.jpg,home-inspiration,,Don't wait for problems to arise! This post outlines a comprehensive preventative maintenance schedule for your LTX 1045,https://lawntrend.com/cub-cadet-ltx-1045-problems/?utm_source=pinterest&utm_campaign=cub-cadet-ltx-1045-p,2025-04-28,helping you keep it running smoothly for years to come. #LawnTractorMaintenance #CubCadetPreventative #LawnCareTips #DIY,https://lawntrend.com/cub-cadet-ltx-1045-problems/
Title,https://res.cloudinary.com/dbcpfy04c/image/upload/v1618237451/placeholder.jpg,home-inspiration,,Description,https://lawntrend.com/cub-cadet-xt1-hydrostatic-transmission-problems/?utm_source=pinterest&utm_campaign=title,2025-04-28,Keywords,https://lawntrend.com/cub-cadet-xt1-hydrostatic-transmission-problems/
Cub Cadet XT1 Hydro Issues? Fix It!,https://res.cloudinary.com/dbcpfy04c/image/upload/v1618237451/placeholder.jpg,home-inspiration,,"Is your Cub Cadet XT1 hydrostatic transmission acting up? Don't let lawn care become a headache! This guide dives deep into common problems – from sluggish movement to complete failure. Learn to diagnose issues like low fluid, worn belts, and pump failures. We'll walk you through troubleshooting steps and potential fixes",https://lawntrend.com/cub-cadet-xt1-hydrostatic-transmission-problems/?utm_source=pinterest&utm_campaign=cub-cadet-xt1-hydro-,2025-04-28,saving you money on costly repairs.  Don't suffer through another frustrating mow! Click to learn how to get your XT1 back in top shape and enjoy a beautifully manicured lawn. #CubCadet #XT1 #HydrostaticTransmission #LawnMowerRepair,https://lawntrend.com/cub-cadet-xt1-hydrostatic-transmission-problems/
Cub Cadet XT1: Transmission SOS,https://res.cloudinary.com/dbcpfy04c/image/upload/v1618237451/placeholder.jpg,home-inspiration,,Worried about your Cub Cadet XT1's transmission?  A failing hydrostatic transmission can ruin your weekend. This post breaks down the most frequent XT1 transmission problems,https://lawntrend.com/cub-cadet-xt1-hydrostatic-transmission-problems/?utm_source=pinterest&utm_campaign=cub-cadet-xt1-transm,2025-04-28,helping you identify the root cause.  We cover everything from simple fixes like checking fluid levels to more complex repairs.  Avoid getting stranded mid-mow!  Get the knowledge you need to confidently tackle these issues and keep your lawn looking its best. Click to read now! #CubCadetXT1 #HydroTransmission #LawnCare #DIYRepair,https://lawntrend.com/cub-cadet-xt1-hydrostatic-transmission-problems/
XT1 Hydrostatic: Preventative Care,https://res.cloudinary.com/dbcpfy04c/image/upload/v1618237451/placeholder.jpg,home-inspiration,,"Don't wait for a breakdown! Proactive maintenance is key to a long-lasting Cub Cadet XT1 hydrostatic transmission. This guide outlines essential maintenance tasks – fluid checks, filter replacements",https://lawntrend.com/cub-cadet-xt1-hydrostatic-transmission-problems/?utm_source=pinterest&utm_campaign=xt1-hydrostatic-prev,2025-04-28,and belt inspections – to prevent costly repairs down the road.  Protect your investment and enjoy years of reliable performance.  A little effort now saves a lot of stress later! Learn more and keep your XT1 running smoothly. #CubCadetMaintenance #XT1Hydro #LawnMowerTips #PreventativeMaintenance,https://lawntrend.com/cub-cadet-xt1-hydrostatic-transmission-problems/
Cub Cadet XT1: Slow Movement Fix,https://res.cloudinary.com/dbcpfy04c/image/upload/v1618237451/placeholder.jpg,home-inspiration,,"Is your Cub Cadet XT1 moving slower than usual?  Don't ignore it! This could signal a problem with your hydrostatic transmission.  We pinpoint the common causes of slow movement, including low fluid, worn drive belts, and internal pump issues.  Get a step-by-step guide to diagnosing and fixing the problem",https://lawntrend.com/cub-cadet-xt1-hydrostatic-transmission-problems/?utm_source=pinterest&utm_campaign=cub-cadet-xt1-slow-m,2025-04-28,so you can get back to enjoying a quick and efficient mow. Click to learn how! #CubCadetRepair #HydrostaticProblems #SlowMower #XT1Fix,https://lawntrend.com/cub-cadet-xt1-hydrostatic-transmission-problems/
XT1 Transmission: No Movement? Help!,https://res.cloudinary.com/dbcpfy04c/image/upload/v1618237451/placeholder.jpg,home-inspiration,,"Panic mode? Your Cub Cadet XT1 won't move!  This is a common issue, and we're here to help.  This post explores the reasons why your XT1 might be completely immobile",https://lawntrend.com/cub-cadet-xt1-hydrostatic-transmission-problems/?utm_source=pinterest&utm_campaign=xt1-transmission-no-,2025-04-28,from blown fuses to severe pump failures.  We provide a clear troubleshooting guide to help you identify the problem and determine if it's a DIY fix or time to call a professional. Don't give up on your lawn! #CubCadetHelp #NoMovement #HydrostaticRepair #XT1Troubleshooting,https://lawntrend.com/cub-cadet-xt1-hydrostatic-transmission-problems/
Cub Cadet XT1: Fluid Check Guide,https://res.cloudinary.com/dbcpfy04c/image/upload/v1618237451/placeholder.jpg,home-inspiration,,Maintaining the correct fluid level is crucial for your Cub Cadet XT1's hydrostatic transmission. This guide provides a simple,https://lawntrend.com/cub-cadet-xt1-hydrostatic-transmission-problems/?utm_source=pinterest&utm_campaign=cub-cadet-xt1-fluid-,2025-04-28,step-by-step process for checking and topping off your fluid.  Avoid costly damage and ensure smooth operation.  Don't underestimate the power of regular maintenance!  Click to learn how to keep your XT1's transmission happy. #CubCadetFluid #HydrostaticFluid #XT1Maintenance #LawnMowerCare,https://lawntrend.com/cub-cadet-xt1-hydrostatic-transmission-problems/
Cub Cadet XT1: Pump Failure Signs,https://res.cloudinary.com/dbcpfy04c/image/upload/v1618237451/placeholder.jpg,home-inspiration,,"Is your Cub Cadet XT1's hydrostatic pump failing?  Learn to recognize the warning signs – unusual noises, jerky movements",https://lawntrend.com/cub-cadet-xt1-hydrostatic-transmission-problems/?utm_source=pinterest&utm_campaign=cub-cadet-xt1-pump-f,2025-04-28,and loss of power.  This post explains the causes of pump failure and helps you determine if replacement is necessary.  Don't let a failing pump ruin your lawn care routine!  Click to learn more. #CubCadetPump #HydrostaticPump #XT1Problems #PumpRepair,https://lawntrend.com/cub-cadet-xt1-hydrostatic-transmission-problems/
XT1 Hydro: Troubleshooting Guide,https://res.cloudinary.com/dbcpfy04c/image/upload/v1618237451/placeholder.jpg,home-inspiration,,"Feeling overwhelmed by your Cub Cadet XT1's hydrostatic issues?  This comprehensive troubleshooting guide walks you through the most common problems and provides clear, step-by-step solutions.  From simple fixes to more complex repairs",https://lawntrend.com/cub-cadet-xt1-hydrostatic-transmission-problems/?utm_source=pinterest&utm_campaign=xt1-hydro-troublesho,2025-04-28,we've got you covered.  Take control of your lawn care and get your XT1 back in action! #CubCadetTroubleshooting #HydrostaticGuide #XT1Help #LawnMowerProblems,https://lawntrend.com/cub-cadet-xt1-hydrostatic-transmission-problems/
Cub Cadet XT1: Cost of Repair?,https://res.cloudinary.com/dbcpfy04c/image/upload/v1618237451/placeholder.jpg,home-inspiration,,Wondering how much it will cost to fix your Cub Cadet XT1's hydrostatic transmission?  This post breaks down the potential repair costs,https://lawntrend.com/cub-cadet-xt1-hydrostatic-transmission-problems/?utm_source=pinterest&utm_campaign=cub-cadet-xt1-cost-o,2025-04-28,from DIY fixes to professional services.  Get a realistic estimate and make informed decisions about your repair options.  Don't get caught off guard by unexpected expenses! #CubCadetCost #HydrostaticRepairCost #XT1Expense #LawnMowerBudget,https://lawntrend.com/cub-cadet-xt1-hydrostatic-transmission-problems/
XT1 Hydrostatic: DIY vs. Pro?,https://res.cloudinary.com/dbcpfy04c/image/upload/v1618237451/placeholder.jpg,home-inspiration,,"Should you attempt to repair your Cub Cadet XT1's hydrostatic transmission yourself, or call a professional?  This post helps you weigh the pros and cons of each option, considering your skill level, the severity of the problem",https://lawntrend.com/cub-cadet-xt1-hydrostatic-transmission-problems/?utm_source=pinterest&utm_campaign=xt1-hydrostatic-diy-,2025-04-28,and the potential costs.  Make the right choice for your XT1 and your wallet! #CubCadetDIY #HydrostaticPro #XT1RepairHelp #LawnMowerService,https://lawntrend.com/cub-cadet-xt1-hydrostatic-transmission-problems/
XT1 Hydro: Filter Replacement Tips,https://res.cloudinary.com/dbcpfy04c/image/upload/v1618237451/placeholder.jpg,home-inspiration,,A clean filter is essential for optimal performance of your Cub Cadet XT1's hydrostatic transmission.  This post provides step-by-step instructions for replacing your XT1's filter,https://lawntrend.com/cub-cadet-xt1-hydrostatic-transmission-problems/?utm_source=pinterest&utm_campaign=xt1-hydro-filter-rep,2025-04-28,ensuring smooth operation and preventing damage.  Keep your transmission running like new! #CubCadetFilter #HydrostaticFilter #XT1Filter #LawnMowerMaintenance,https://lawntrend.com/cub-cadet-xt1-hydrostatic-transmission-problems/
Cub Cadet XT1: Transmission Overhaul,https://res.cloudinary.com/dbcpfy04c/image/upload/v1618237451/placeholder.jpg,home-inspiration,,"Considering a complete overhaul of your Cub Cadet XT1's hydrostatic transmission?  This post explores the process, costs",https://lawntrend.com/cub-cadet-xt1-hydrostatic-transmission-problems/?utm_source=pinterest&utm_campaign=cub-cadet-xt1-transm,2025-04-28,and benefits of a full overhaul.  Determine if it's the right solution for your XT1 and get a clear understanding of what's involved. #CubCadetOverhaul #HydrostaticOverhaul #XT1Rebuild #LawnMowerRestoration,https://lawntrend.com/cub-cadet-xt1-hydrostatic-transmission-problems/
XT1 Hydro: Common Mistakes to Avoid,https://res.cloudinary.com/dbcpfy04c/image/upload/v1618237451/placeholder.jpg,home-inspiration,,Don't make these common mistakes when working on your Cub Cadet XT1's hydrostatic transmission!  This post highlights the pitfalls to avoid,https://lawntrend.com/cub-cadet-xt1-hydrostatic-transmission-problems/?utm_source=pinterest&utm_campaign=xt1-hydro-common-mis,2025-04-28,ensuring a safe and successful repair.  Learn from the experiences of others and protect your XT1. #CubCadetMistakes #HydrostaticErrors #XT1Tips #LawnMowerSafety,https://lawntrend.com/cub-cadet-xt1-hydrostatic-transmission-problems/
Cub Cadet XT1: Parts Diagram Guide,https://res.cloudinary.com/dbcpfy04c/image/upload/v1618237451/placeholder.jpg,home-inspiration,,Need to identify the parts of your Cub Cadet XT1's hydrostatic transmission?  This post provides a detailed parts diagram,https://lawntrend.com/cub-cadet-xt1-hydrostatic-transmission-problems/?utm_source=pinterest&utm_campaign=cub-cadet-xt1-parts-,2025-04-28,making it easy to locate the components you need for repair or replacement.  Simplify your repair process and get your XT1 back in action. #CubCadetParts #HydrostaticDiagram #XT1Parts #LawnMowerSchematic,https://lawntrend.com/cub-cadet-xt1-hydrostatic-transmission-problems/
Title,https://res.cloudinary.com/dbcpfy04c/image/upload/v1618237451/placeholder.jpg,home-inspiration,,Description,https://lawntrend.com/cub-cadet-electrical-problems/?utm_source=pinterest&utm_campaign=title,2025-04-28,Keywords,https://lawntrend.com/cub-cadet-electrical-problems/
Cub Cadet Won't Start? Fix It!,https://res.cloudinary.com/dbcpfy04c/image/upload/v1618237451/placeholder.jpg,home-inspiration,,"Is your Cub Cadet refusing to start? Don't let a frustrating electrical issue ruin your weekend! This guide dives deep into common Cub Cadet electrical problems, from faulty solenoids to blown fuses. We'll walk you through troubleshooting steps, easy DIY fixes, and when it's time to call a pro.  Get back to enjoying your lawn! Learn to diagnose and repair",https://lawntrend.com/cub-cadet-electrical-problems/?utm_source=pinterest&utm_campaign=cub-cadet-wont-start,2025-04-28,saving you money and time. Click to read now and reclaim your yard! #CubCadet #LawnMowerRepair #ElectricalProblems #DIYRepair,https://lawntrend.com/cub-cadet-electrical-problems/
Cub Cadet Electrical Guide,https://res.cloudinary.com/dbcpfy04c/image/upload/v1618237451/placeholder.jpg,home-inspiration,,"Confused by Cub Cadet electrical issues? This comprehensive guide breaks down everything you need to know! We cover battery problems, wiring diagrams, starter issues",https://lawntrend.com/cub-cadet-electrical-problems/?utm_source=pinterest&utm_campaign=cub-cadet-electrical,2025-04-28,and more.  Don't feel helpless – empower yourself with the knowledge to tackle these repairs.  A little effort can save you a lot of money!  Read the full article for detailed instructions and helpful tips. #CubCadetRepair #LawnCare #ElectricalFix #Troubleshooting,https://lawntrend.com/cub-cadet-electrical-problems/
Fix Cub Cadet Starter Issues,https://res.cloudinary.com/dbcpfy04c/image/upload/v1618237451/placeholder.jpg,home-inspiration,,"A clicking sound but no start?  Your Cub Cadet starter might be the culprit! This pin highlights how to diagnose and fix common starter problems. We'll show you how to test the solenoid, check the wiring",https://lawntrend.com/cub-cadet-electrical-problems/?utm_source=pinterest&utm_campaign=fix-cub-cadet-starte,2025-04-28,and even replace the starter if needed.  Don't let a dead starter keep you from a beautiful lawn. Click to learn more! #StarterRepair #CubCadetProblems #LawnMower #DIY,https://lawntrend.com/cub-cadet-electrical-problems/
Cub Cadet Fuse Box Explained,https://res.cloudinary.com/dbcpfy04c/image/upload/v1618237451/placeholder.jpg,home-inspiration,,"Don't underestimate the power of a fuse! This pin focuses on understanding your Cub Cadet's fuse box. Learn how to identify blown fuses, replace them correctly",https://lawntrend.com/cub-cadet-electrical-problems/?utm_source=pinterest&utm_campaign=cub-cadet-fuse-box-e,2025-04-28,and prevent future electrical issues.  Protect your investment and keep your mower running smoothly.  Click for a detailed guide! #FuseBox #CubCadetMaintenance #ElectricalSafety #LawnMowerTips,https://lawntrend.com/cub-cadet-electrical-problems/
Cub Cadet Battery Problems Solved,https://res.cloudinary.com/dbcpfy04c/image/upload/v1618237451/placeholder.jpg,home-inspiration,,"Is your Cub Cadet battery weak or dead?  We'll help you diagnose battery issues, from charging problems to corrosion. Learn how to test your battery, properly charge it",https://lawntrend.com/cub-cadet-electrical-problems/?utm_source=pinterest&utm_campaign=cub-cadet-battery-pr,2025-04-28,and choose the right replacement.  Don't get stuck with a dead mower! Click to read our guide. #CubCadetBattery #BatteryRepair #LawnMowerLife #Charging,https://lawntrend.com/cub-cadet-electrical-problems/
Prevent Cub Cadet Electrical Failures,https://res.cloudinary.com/dbcpfy04c/image/upload/v1618237451/placeholder.jpg,home-inspiration,,"Don't wait for problems to happen! This pin offers preventative maintenance tips to keep your Cub Cadet's electrical system in top shape.  Regular cleaning, inspection",https://lawntrend.com/cub-cadet-electrical-problems/?utm_source=pinterest&utm_campaign=prevent-cub-cadet-el,2025-04-28,and proper storage can save you headaches down the road.  Protect your investment! #PreventativeMaintenance #CubCadetCare #LawnMowerTips #ElectricalMaintenance,https://lawntrend.com/cub-cadet-electrical-problems/
Cub Cadet Charging System Guide,https://res.cloudinary.com/dbcpfy04c/image/upload/v1618237451/placeholder.jpg,home-inspiration,,"Is your Cub Cadet not charging properly? This pin dives into the charging system, covering the alternator, regulator",https://lawntrend.com/cub-cadet-electrical-problems/?utm_source=pinterest&utm_campaign=cub-cadet-charging-s,2025-04-28,and wiring.  Learn how to diagnose charging issues and get your battery back to full power.  Don't let a dead battery ruin your day! #ChargingSystem #CubCadetCharging #BatteryHealth #LawnCareTips,https://lawntrend.com/cub-cadet-electrical-problems/
Understanding Cub Cadet Electrical Components,https://res.cloudinary.com/dbcpfy04c/image/upload/v1618237451/placeholder.jpg,home-inspiration,,"Get to know the key electrical components of your Cub Cadet! This pin provides an overview of the battery, solenoid, starter",https://lawntrend.com/cub-cadet-electrical-problems/?utm_source=pinterest&utm_campaign=understanding-cub-ca,2025-04-28,and more.  Understanding how these parts work together is essential for effective troubleshooting. #ElectricalComponents #CubCadetParts #LawnMowerKnowledge #DIYLearning,https://lawntrend.com/cub-cadet-electrical-problems/
Diagnose Cub Cadet No-Spark Issues,https://res.cloudinary.com/dbcpfy04c/image/upload/v1618237451/placeholder.jpg,home-inspiration,,No spark? This pin focuses on troubleshooting no-spark conditions in your Cub Cadet. We'll cover common causes,https://lawntrend.com/cub-cadet-electrical-problems/?utm_source=pinterest&utm_campaign=diagnose-cub-cadet-n,2025-04-28,such as faulty ignition coils and spark plugs.  Get your engine firing again! Click to learn more. #NoSpark #CubCadetIgnition #LawnMowerRepair #TroubleshootingGuide,https://lawntrend.com/cub-cadet-electrical-problems/
Cub Cadet Electrical Tools You Need,https://res.cloudinary.com/dbcpfy04c/image/upload/v1618237451/placeholder.jpg,home-inspiration,,Equip yourself for success! This pin lists the essential tools you'll need for tackling Cub Cadet electrical repairs.  From multimeters to screwdrivers,https://lawntrend.com/cub-cadet-electrical-problems/?utm_source=pinterest&utm_campaign=cub-cadet-electrical,2025-04-28,we've got you covered.  Be prepared! #ElectricalTools #CubCadetTools #LawnMowerRepairKit #DIYEssentials,https://lawntrend.com/cub-cadet-electrical-problems/
Cub Cadet Electrical Problem: Dim Lights,https://res.cloudinary.com/dbcpfy04c/image/upload/v1618237451/placeholder.jpg,home-inspiration,,Dim lights on your Cub Cadet? This pin addresses this common symptom and potential causes,https://lawntrend.com/cub-cadet-electrical-problems/?utm_source=pinterest&utm_campaign=cub-cadet-electrical,2025-04-28,like a weak battery or faulty charging system.  Don't ignore this warning sign! #DimLights #CubCadetProblems #BatteryIssues #ChargingSystem,https://lawntrend.com/cub-cadet-electrical-problems/
Cub Cadet,https://res.cloudinary.com/dbcpfy04c/image/upload/v1618237451/placeholder.jpg,home-inspiration,,"Battery,Electrical",https://lawntrend.com/cub-cadet-electrical-problems/?utm_source=pinterest&utm_campaign=cub-cadet,2025-04-28,Repair,https://lawntrend.com/cub-cadet-electrical-problems/
Title,https://res.cloudinary.com/dbcpfy04c/image/upload/v1618237451/placeholder.jpg,home-inspiration,,Description,https://lawntrend.com/cub-cadet-steering-problems/?utm_source=pinterest&utm_campaign=title,2025-04-28,Keywords,https://lawntrend.com/cub-cadet-steering-problems/
Cub Cadet Steering: Fix It Yourself!,https://res.cloudinary.com/dbcpfy04c/image/upload/v1618237451/placeholder.jpg,home-inspiration,,"Is your Cub Cadet steering feeling loose, jerky, or unresponsive? Don't let steering issues ruin your lawn care! This guide walks you through common Cub Cadet steering problems – from simple adjustments to more complex repairs. Learn to diagnose the issue, understand the parts involved, and confidently tackle the fix. Save money & get back to enjoying a smooth",https://lawntrend.com/cub-cadet-steering-problems/?utm_source=pinterest&utm_campaign=cub-cadet-steering-f,2025-04-28,effortless mow! Click to learn more and reclaim your weekend! #CubCadet #LawnMowerRepair #SteeringProblems #DIYRepair,https://lawntrend.com/cub-cadet-steering-problems/
Cub Cadet Steering Issues? We Can Help,https://res.cloudinary.com/dbcpfy04c/image/upload/v1618237451/placeholder.jpg,home-inspiration,,"Frustrated with wobbly steering on your Cub Cadet? You're not alone! This post breaks down the most frequent steering problems, offering clear",https://lawntrend.com/cub-cadet-steering-problems/?utm_source=pinterest&utm_campaign=cub-cadet-steering-i,2025-04-28,step-by-step solutions. We cover everything from tie rod ends to steering gears. Don't spend a fortune on repairs – empower yourself with the knowledge to fix it!  Get your Cub Cadet running like new again. Click to read now! #CubCadetRepair #SteeringFix #LawnCare #DIY,https://lawntrend.com/cub-cadet-steering-problems/
Smooth Steering: Cub Cadet Guide,https://res.cloudinary.com/dbcpfy04c/image/upload/v1618237451/placeholder.jpg,home-inspiration,,"Dreaming of a perfectly manicured lawn without wrestling your mower?  Poor steering can make lawn care a chore. This guide provides a comprehensive look at Cub Cadet steering systems, helping you identify and resolve issues quickly.  We'll show you how to restore smooth",https://lawntrend.com/cub-cadet-steering-problems/?utm_source=pinterest&utm_campaign=smooth-steering-cub-,2025-04-28,precise control.  Don't delay – a comfortable mow is just a click away! #CubCadet #SteeringRepair #LawnMower #HomeImprovement,https://lawntrend.com/cub-cadet-steering-problems/
Cub Cadet Steering: Quick Fixes,https://res.cloudinary.com/dbcpfy04c/image/upload/v1618237451/placeholder.jpg,home-inspiration,,"Time is precious!  Don't waste your weekend battling a stubborn steering wheel. This post focuses on quick and easy fixes for common Cub Cadet steering problems.  Learn how to tighten connections, adjust linkages",https://lawntrend.com/cub-cadet-steering-problems/?utm_source=pinterest&utm_campaign=cub-cadet-steering-q,2025-04-28,and restore responsiveness.  Get back to mowing in no time! Click to learn these simple solutions. #CubCadetTips #SteeringAdjustment #LawnMowing #QuickFix,https://lawntrend.com/cub-cadet-steering-problems/
Diagnose Cub Cadet Steering Problems,https://res.cloudinary.com/dbcpfy04c/image/upload/v1618237451/placeholder.jpg,home-inspiration,,Confused by your Cub Cadet's steering?  We'll help you pinpoint the exact cause of the issue. This guide provides a detailed diagnostic process,https://lawntrend.com/cub-cadet-steering-problems/?utm_source=pinterest&utm_campaign=diagnose-cub-cadet-s,2025-04-28,covering everything from visual inspections to component testing.  Stop guessing and start fixing!  Click to learn how to accurately diagnose your steering problem. #CubCadetDiagnosis #SteeringTroubleshooting #LawnEquipment #RepairGuide,https://lawntrend.com/cub-cadet-steering-problems/
Cub Cadet Tie Rod End Replacement,https://res.cloudinary.com/dbcpfy04c/image/upload/v1618237451/placeholder.jpg,home-inspiration,,"Worn tie rod ends causing steering play? This guide provides a detailed, step-by-step tutorial on replacing Cub Cadet tie rod ends.  We'll show you the tools you need, the process to follow",https://lawntrend.com/cub-cadet-steering-problems/?utm_source=pinterest&utm_campaign=cub-cadet-tie-rod-en,2025-04-28,and how to ensure a safe and reliable repair.  Restore precision steering today! Click for the full tutorial. #TieRodEnd #CubCadetRepair #SteeringComponent #DIY,https://lawntrend.com/cub-cadet-steering-problems/
Cub Cadet Steering Gear Repair,https://res.cloudinary.com/dbcpfy04c/image/upload/v1618237451/placeholder.jpg,home-inspiration,,"Is your steering gear failing? Don't replace the whole mower! This post explores how to repair a faulty Cub Cadet steering gear, saving you money and extending the life of your machine.  We cover inspection, repair options",https://lawntrend.com/cub-cadet-steering-problems/?utm_source=pinterest&utm_campaign=cub-cadet-steering-g,2025-04-28,and preventative maintenance. Click to learn more! #SteeringGear #CubCadet #LawnMowerParts #Repair,https://lawntrend.com/cub-cadet-steering-problems/
Cub Cadet Hydrostatic Steering Issues,https://res.cloudinary.com/dbcpfy04c/image/upload/v1618237451/placeholder.jpg,home-inspiration,,"Hydrostatic steering giving you trouble? This guide focuses specifically on diagnosing and fixing problems with Cub Cadet hydrostatic steering systems.  We'll cover common issues like leaks, pump failures, and linkage adjustments.  Get back to smooth",https://lawntrend.com/cub-cadet-steering-problems/?utm_source=pinterest&utm_campaign=cub-cadet-hydrostati,2025-04-28,effortless steering! Click to read now. #HydrostaticSteering #CubCadet #LawnMower #RepairTips,https://lawntrend.com/cub-cadet-steering-problems/
Cub Cadet Steering Wheel Play: Fix It,https://res.cloudinary.com/dbcpfy04c/image/upload/v1618237451/placeholder.jpg,home-inspiration,,"Annoyed by excessive play in your Cub Cadet steering wheel? This post provides targeted solutions for eliminating steering wheel looseness.  We'll cover adjustments, component replacements",https://lawntrend.com/cub-cadet-steering-problems/?utm_source=pinterest&utm_campaign=cub-cadet-steering-w,2025-04-28,and preventative measures.  Enjoy a more responsive and controlled mowing experience! Click to learn how. #SteeringWheel #CubCadetRepair #LawnCareTips #DIY,https://lawntrend.com/cub-cadet-steering-problems/
Cub Cadet Steering Linkage Adjustment,https://res.cloudinary.com/dbcpfy04c/image/upload/v1618237451/placeholder.jpg,home-inspiration,,Is your steering linkage out of alignment? This guide provides a clear and concise tutorial on adjusting your Cub Cadet steering linkage for optimal performance.  We'll show you how to ensure proper alignment and restore smooth,https://lawntrend.com/cub-cadet-steering-problems/?utm_source=pinterest&utm_campaign=cub-cadet-steering-l,2025-04-28,precise steering. Click for step-by-step instructions! #SteeringLinkage #CubCadet #Adjustment #LawnMower,https://lawntrend.com/cub-cadet-steering-problems/
Cub Cadet Steering: Tools Required,https://res.cloudinary.com/dbcpfy04c/image/upload/v1618237451/placeholder.jpg,home-inspiration,,Ready to tackle your Cub Cadet steering repair? This post lists the essential tools you'll need to get the job done right.  From wrenches to sockets,https://lawntrend.com/cub-cadet-steering-problems/?utm_source=pinterest&utm_campaign=cub-cadet-steering-t,2025-04-28,we've got you covered. Click to see the tool list. #Tools #CubCadetRepair #LawnMowerTools #DIY,https://lawntrend.com/cub-cadet-steering-problems/
Cub Cadet Steering: Cost of Repair,https://res.cloudinary.com/dbcpfy04c/image/upload/v1618237451/placeholder.jpg,home-inspiration,,Wondering how much a Cub Cadet steering repair will cost? This post breaks down the potential costs associated with different repairs,https://lawntrend.com/cub-cadet-steering-problems/?utm_source=pinterest&utm_campaign=cub-cadet-steering-c,2025-04-28,helping you budget accordingly.  Save money by doing it yourself! Click to see the cost breakdown. #RepairCost #CubCadet #LawnMowerRepair #Budget,https://lawntrend.com/cub-cadet-steering-problems/
Cub Cadet Steering: Common Mistakes,https://res.cloudinary.com/dbcpfy04c/image/upload/v1618237451/placeholder.jpg,home-inspiration,,Avoid these common mistakes when repairing your Cub Cadet steering! This post highlights pitfalls to avoid,https://lawntrend.com/cub-cadet-steering-problems/?utm_source=pinterest&utm_campaign=cub-cadet-steering-c,2025-04-28,ensuring a successful and safe repair.  Learn from our experience and save yourself time and frustration. Click to read the common mistakes. #CommonMistakes #CubCadetRepair #LawnMowerTips #DIY,https://lawntrend.com/cub-cadet-steering-problems/
Cub Cadet Steering: Before You Start,https://res.cloudinary.com/dbcpfy04c/image/upload/v1618237451/placeholder.jpg,home-inspiration,,Before you dive into your Cub Cadet steering repair,https://lawntrend.com/cub-cadet-steering-problems/?utm_source=pinterest&utm_campaign=cub-cadet-steering-b,2025-04-28,read this! This post provides essential preparation steps to ensure a smooth and successful repair process.  Get organized and avoid surprises. Click to read the preparation checklist. #Preparation #CubCadetRepair #LawnMower #DIY,https://lawntrend.com/cub-cadet-steering-problems/
Cub Cadet Steering: Expert Advice,https://res.cloudinary.com/dbcpfy04c/image/upload/v1618237451/placeholder.jpg,home-inspiration,,Get expert advice on tackling tough Cub Cadet steering problems. This post features insights from experienced mechanics,https://lawntrend.com/cub-cadet-steering-problems/?utm_source=pinterest&utm_campaign=cub-cadet-steering-e,2025-04-28,offering valuable tips and tricks. Click to read the expert advice. #ExpertAdvice #CubCadetRepair #LawnMower #Tips,https://lawntrend.com/cub-cadet-steering-problems/
Cub Cadet Steering: Is it DIY Worth It?,https://res.cloudinary.com/dbcpfy04c/image/upload/v1618237451/placeholder.jpg,home-inspiration,,Should you DIY your Cub Cadet steering repair or hire a professional? This post weighs the pros and cons of each option,https://lawntrend.com/cub-cadet-steering-problems/?utm_source=pinterest&utm_campaign=cub-cadet-steering-i,2025-04-28,helping you make the best decision. Click to read the comparison. #DIYvsPro #CubCadetRepair #LawnMower #RepairOptions,https://lawntrend.com/cub-cadet-steering-problems/
Cub Cadet Steering: Restore Control!,https://res.cloudinary.com/dbcpfy04c/image/upload/v1618237451/placeholder.jpg,home-inspiration,,"Take back control of your lawn mowing experience! This guide empowers you to diagnose and fix Cub Cadet steering problems, saving you time, money",https://lawntrend.com/cub-cadet-steering-problems/?utm_source=pinterest&utm_campaign=cub-cadet-steering-r,2025-04-28,and frustration. Click to start restoring control today! #CubCadet #SteeringRepair #LawnCare #DIY,https://lawntrend.com/cub-cadet-steering-problems/
Title,https://res.cloudinary.com/dbcpfy04c/image/upload/v1618237451/placeholder.jpg,home-inspiration,,Description,https://lawntrend.com/cub-cadet-rt65-problems/?utm_source=pinterest&utm_campaign=title,2025-04-28,Keywords,https://lawntrend.com/cub-cadet-rt65-problems/
Cub Cadet RT65: Common Issues & Fixes,https://res.cloudinary.com/dbcpfy04c/image/upload/v1618237451/placeholder.jpg,home-inspiration,,"Is your Cub Cadet RT65 giving you trouble? Don't let lawn care be a headache! This guide dives into the most frequent problems – from starting issues to blade engagement failures – and provides clear, step-by-step solutions you can tackle yourself. Save money on repairs and get back to enjoying your perfectly manicured lawn. We cover everything from checking the fuel lines to diagnosing electrical problems. Click to learn how to keep your RT65 running smoothly! #CubCadet #RT65 #LawnMowerRepair #DIYRepair,Cub Cadet,RT65,Lawn Mower",https://lawntrend.com/cub-cadet-rt65-problems/?utm_source=pinterest&utm_campaign=cub-cadet-rt65-commo,2025-04-28,Repair,https://lawntrend.com/cub-cadet-rt65-problems/
RT65 Won't Start? Troubleshooting Guide,https://res.cloudinary.com/dbcpfy04c/image/upload/v1618237451/placeholder.jpg,home-inspiration,,"Frustrated with a Cub Cadet RT65 that refuses to start? You're not alone! This pin leads to a comprehensive guide that walks you through potential causes, like a clogged carburetor, bad spark plug, or fuel delivery issues.  We'll help you pinpoint the problem and get your mower roaring again. Don't waste another sunny day – get back to mowing!  Learn the easy fixes and avoid costly mechanic visits. #CubCadetRT65 #LawnMowerProblems #StartingIssues #DIY,Starting Issues,Cub Cadet,RT65",https://lawntrend.com/cub-cadet-rt65-problems/?utm_source=pinterest&utm_campaign=rt65-wont-start-trou,2025-04-28,Troubleshooting,https://lawntrend.com/cub-cadet-rt65-problems/
Cub Cadet RT65 Blade Engagement Problems,https://res.cloudinary.com/dbcpfy04c/image/upload/v1618237451/placeholder.jpg,home-inspiration,,"Is your blade refusing to engage on your Cub Cadet RT65?  This is a common issue! Our guide breaks down the potential causes – from a broken belt to a faulty blade brake – and provides detailed instructions for repair.  Don't let a non-spinning blade ruin your weekend.  Get the fix you need and enjoy a beautifully cut lawn. Click to learn more! #CubCadet #BladeEngagement #LawnMowerFix #DIY,Blade Engagement,Cub Cadet,RT65",https://lawntrend.com/cub-cadet-rt65-problems/?utm_source=pinterest&utm_campaign=cub-cadet-rt65-blade,2025-04-28,Repair,https://lawntrend.com/cub-cadet-rt65-problems/
RT65 Fuel System Issues: Solved!,https://res.cloudinary.com/dbcpfy04c/image/upload/v1618237451/placeholder.jpg,home-inspiration,,"Fuel problems plaguing your Cub Cadet RT65?  A clogged fuel filter or a dirty carburetor can cause all sorts of issues. This pin links to a guide that details how to diagnose and fix fuel system problems, ensuring your mower runs efficiently.  Don't let a dirty fuel system ruin your lawn care routine.  Get the power back! #CubCadetRT65 #FuelSystem #LawnMowerMaintenance #DIY,Fuel System,Cub Cadet,RT65",https://lawntrend.com/cub-cadet-rt65-problems/?utm_source=pinterest&utm_campaign=rt65-fuel-system-iss,2025-04-28,Maintenance,https://lawntrend.com/cub-cadet-rt65-problems/
Cub Cadet RT65: Belt Replacement Guide,https://res.cloudinary.com/dbcpfy04c/image/upload/v1618237451/placeholder.jpg,home-inspiration,,"A worn or broken belt can bring your Cub Cadet RT65 to a halt.  This pin leads to a step-by-step guide on how to safely and effectively replace the mower deck belt.  Save money on professional repairs and keep your mower running like new.  Don't get stuck with a broken mower – learn how to fix it yourself! #CubCadet #BeltReplacement #LawnMowerRepair #DIY,Belt Replacement,Cub Cadet,RT65",https://lawntrend.com/cub-cadet-rt65-problems/?utm_source=pinterest&utm_campaign=cub-cadet-rt65-belt-,2025-04-28,Maintenance,https://lawntrend.com/cub-cadet-rt65-problems/
Diagnosing RT65 Electrical Problems,https://res.cloudinary.com/dbcpfy04c/image/upload/v1618237451/placeholder.jpg,home-inspiration,,"Electrical issues can be tricky! This pin directs you to a guide that helps you diagnose common electrical problems on your Cub Cadet RT65, including faulty solenoids, blown fuses, and wiring issues.  Don't be intimidated – we'll walk you through it.  Get your mower back in action! #CubCadetRT65 #ElectricalRepair #LawnMowerProblems #DIY,Electrical,Cub Cadet,RT65",https://lawntrend.com/cub-cadet-rt65-problems/?utm_source=pinterest&utm_campaign=diagnosing-rt65-elec,2025-04-28,Troubleshooting,https://lawntrend.com/cub-cadet-rt65-problems/
RT65 Overheating? Here's What to Do,https://res.cloudinary.com/dbcpfy04c/image/upload/v1618237451/placeholder.jpg,home-inspiration,,"Is your Cub Cadet RT65 overheating?  This could indicate a serious problem.  Our guide covers the common causes of overheating – from a clogged cooling system to a faulty engine – and provides solutions to keep your mower running cool.  Protect your investment and prevent damage! #CubCadet #Overheating #LawnMowerRepair #DIY,Overheating,Cub Cadet,RT65",https://lawntrend.com/cub-cadet-rt65-problems/?utm_source=pinterest&utm_campaign=rt65-overheating-her,2025-04-28,Troubleshooting,https://lawntrend.com/cub-cadet-rt65-problems/
Cub Cadet RT65: Mower Deck Maintenance,https://res.cloudinary.com/dbcpfy04c/image/upload/v1618237451/placeholder.jpg,home-inspiration,,"Keep your Cub Cadet RT65's mower deck in top condition! This pin links to a guide on essential mower deck maintenance, including cleaning, leveling, and blade sharpening.  A well-maintained deck ensures a clean, even cut.  Don't neglect this important step! #CubCadetRT65 #MowerDeck #LawnCareTips #Maintenance,Mower Deck,Cub Cadet,RT65",https://lawntrend.com/cub-cadet-rt65-problems/?utm_source=pinterest&utm_campaign=cub-cadet-rt65-mower,2025-04-28,Maintenance,https://lawntrend.com/cub-cadet-rt65-problems/
RT65 Steering Issues: Fix It Yourself,https://res.cloudinary.com/dbcpfy04c/image/upload/v1618237451/placeholder.jpg,home-inspiration,,"Experiencing steering problems with your Cub Cadet RT65?  This guide covers common steering issues and provides DIY solutions.  From loose connections to worn components, we'll help you get back to smooth, effortless mowing.  Don't struggle with a difficult-to-steer mower! #CubCadet #SteeringRepair #LawnMowerFix #DIY,Steering,Cub Cadet,RT65",https://lawntrend.com/cub-cadet-rt65-problems/?utm_source=pinterest&utm_campaign=rt65-steering-issues,2025-04-28,Repair,https://lawntrend.com/cub-cadet-rt65-problems/
Cub Cadet RT65: Carburetor Cleaning Guide,https://res.cloudinary.com/dbcpfy04c/image/upload/v1618237451/placeholder.jpg,home-inspiration,,"A dirty carburetor can cause starting problems, rough running, and reduced power.  This pin leads to a detailed guide on how to clean your Cub Cadet RT65's carburetor.  Restore your mower's performance and enjoy a smooth, efficient cut.  Don't let a dirty carb hold you back! #CubCadetRT65 #CarburetorCleaning #LawnMowerMaintenance #DIY,Carburetor,Cub Cadet,RT65",https://lawntrend.com/cub-cadet-rt65-problems/?utm_source=pinterest&utm_campaign=cub-cadet-rt65-carbu,2025-04-28,Cleaning,https://lawntrend.com/cub-cadet-rt65-problems/
RT65 Safety Tips: Before You Mow,https://res.cloudinary.com/dbcpfy04c/image/upload/v1618237451/placeholder.jpg,home-inspiration,,"Safety first! This pin highlights essential safety tips for operating your Cub Cadet RT65.  From wearing protective gear to inspecting the mowing area, we'll help you stay safe while you work.  Protect yourself and your property! #CubCadet #SafetyTips #LawnCareSafety #Mowing,Safety,Cub Cadet,RT65",https://lawntrend.com/cub-cadet-rt65-problems/?utm_source=pinterest&utm_campaign=rt65-safety-tips-bef,2025-04-28,Tips,https://lawntrend.com/cub-cadet-rt65-problems/
Troubleshooting RT65 Engine Problems,https://res.cloudinary.com/dbcpfy04c/image/upload/v1618237451/placeholder.jpg,home-inspiration,,"Engine trouble? This pin directs you to a guide that helps you diagnose and fix common engine problems on your Cub Cadet RT65.  From low compression to exhaust issues, we'll help you get to the root of the problem.  Don't let engine problems ruin your day! #CubCadetRT65 #EngineRepair #LawnMowerProblems #DIY,Engine,Cub Cadet,RT65",https://lawntrend.com/cub-cadet-rt65-problems/?utm_source=pinterest&utm_campaign=troubleshooting-rt65,2025-04-28,Troubleshooting,https://lawntrend.com/cub-cadet-rt65-problems/
Cub Cadet RT65: Oil Change Guide,https://res.cloudinary.com/dbcpfy04c/image/upload/v1618237451/placeholder.jpg,home-inspiration,,"Regular oil changes are crucial for maintaining your Cub Cadet RT65's engine.  This pin links to a step-by-step guide on how to change your mower's oil.  Keep your engine running smoothly and extend its lifespan.  Don't neglect this essential maintenance task! #CubCadet #OilChange #LawnMowerMaintenance #DIY,Oil Change,Cub Cadet,RT65",https://lawntrend.com/cub-cadet-rt65-problems/?utm_source=pinterest&utm_campaign=cub-cadet-rt65-oil-c,2025-04-28,Maintenance,https://lawntrend.com/cub-cadet-rt65-problems/
RT65: Diagnosing Vibration Issues,https://res.cloudinary.com/dbcpfy04c/image/upload/v1618237451/placeholder.jpg,home-inspiration,,"Is your Cub Cadet RT65 vibrating excessively? This pin leads to a guide that helps you identify the cause of the vibration – from unbalanced blades to loose components – and provides solutions.  A smooth ride means a better cut! #CubCadetRT65 #Vibration #LawnMowerProblems #DIY,Vibration,Cub Cadet,RT65",https://lawntrend.com/cub-cadet-rt65-problems/?utm_source=pinterest&utm_campaign=rt65-diagnosing-vibr,2025-04-28,Troubleshooting,https://lawntrend.com/cub-cadet-rt65-problems/
Cub Cadet RT65: Spark Plug Replacement,https://res.cloudinary.com/dbcpfy04c/image/upload/v1618237451/placeholder.jpg,home-inspiration,,"A worn spark plug can cause starting problems and reduced performance.  This pin directs you to a guide on how to easily replace the spark plug on your Cub Cadet RT65.  A simple fix for a big improvement! #CubCadet #SparkPlug #LawnMowerRepair #DIY,Spark Plug,Cub Cadet,RT65",https://lawntrend.com/cub-cadet-rt65-problems/?utm_source=pinterest&utm_campaign=cub-cadet-rt65-spark,2025-04-28,Repair,https://lawntrend.com/cub-cadet-rt65-problems/
RT65: Understanding the Operator Controls,https://res.cloudinary.com/dbcpfy04c/image/upload/v1618237451/placeholder.jpg,home-inspiration,,"Familiarize yourself with your Cub Cadet RT65's operator controls! This pin links to a guide that explains the function of each control, ensuring you operate your mower safely and efficiently.  Master your mower and enjoy a perfect cut! #CubCadetRT65 #OperatorControls #LawnCareTips #Guide,Controls,Cub Cadet,RT65",https://lawntrend.com/cub-cadet-rt65-problems/?utm_source=pinterest&utm_campaign=rt65-understanding-t,2025-04-28,Guide,https://lawntrend.com/cub-cadet-rt65-problems/
Cub Cadet RT65: Winter Storage Tips,https://res.cloudinary.com/dbcpfy04c/image/upload/v1618237451/placeholder.jpg,home-inspiration,,"Preparing your Cub Cadet RT65 for winter storage? This pin provides essential tips on how to properly winterize your mower, protecting it from damage and ensuring it's ready to go when spring arrives.  Protect your investment! #CubCadet #WinterStorage #LawnMowerMaintenance #Tips,Winter Storage,Cub Cadet,RT65",https://lawntrend.com/cub-cadet-rt65-problems/?utm_source=pinterest&utm_campaign=cub-cadet-rt65-winte,2025-04-28,Tips,https://lawntrend.com/cub-cadet-rt65-problems/
RT65: Fixing a Clogged Discharge Chute,https://res.cloudinary.com/dbcpfy04c/image/upload/v1618237451/placeholder.jpg,home-inspiration,,"A clogged discharge chute can disrupt your mowing flow. This pin leads to a guide on how to quickly and easily clear a clogged chute on your Cub Cadet RT65.  Keep mowing without interruption! #CubCadetRT65 #DischargeChute #LawnMowerProblems #DIY,Discharge Chute,Cub Cadet,RT65",https://lawntrend.com/cub-cadet-rt65-problems/?utm_source=pinterest&utm_campaign=rt65-fixing-a-clogge,2025-04-28,Repair,https://lawntrend.com/cub-cadet-rt65-problems/
Cub Cadet RT65: Tire Pressure Check,https://res.cloudinary.com/dbcpfy04c/image/upload/v1618237451/placeholder.jpg,home-inspiration,,"Proper tire pressure is essential for optimal performance. This pin directs you to a guide on how to check and adjust the tire pressure on your Cub Cadet RT65.  Ensure a smooth ride and a precise cut! #CubCadet #TirePressure #LawnMowerMaintenance #Tips,Tire Pressure,Cub Cadet,RT65",https://lawntrend.com/cub-cadet-rt65-problems/?utm_source=pinterest&utm_campaign=cub-cadet-rt65-tire-,2025-04-28,Maintenance,https://lawntrend.com/cub-cadet-rt65-problems/
RT65: Identifying and Fixing Leaks,https://res.cloudinary.com/dbcpfy04c/image/upload/v1618237451/placeholder.jpg,home-inspiration,,"Is your Cub Cadet RT65 leaking oil or fuel? This pin links to a guide that helps you identify the source of the leak and provides solutions for repair.  Address leaks promptly to prevent damage and environmental concerns. #CubCadetRT65 #Leaks #LawnMowerRepair #DIY,Leaks,Cub Cadet,RT65",https://lawntrend.com/cub-cadet-rt65-problems/?utm_source=pinterest&utm_campaign=rt65-identifying-and,2025-04-28,Repair,https://lawntrend.com/cub-cadet-rt65-problems/
Cub Cadet RT65: Battery Maintenance Guide,https://res.cloudinary.com/dbcpfy04c/image/upload/v1618237451/placeholder.jpg,home-inspiration,,"Keep your Cub Cadet RT65's battery in top condition! This pin provides essential tips on battery maintenance, including charging, cleaning, and storage.  A healthy battery ensures reliable starting. #CubCadet #BatteryMaintenance #LawnCareTips #DIY,Battery,Cub Cadet,RT65",https://lawntrend.com/cub-cadet-rt65-problems/?utm_source=pinterest&utm_campaign=cub-cadet-rt65-batte,2025-04-28,Maintenance,https://lawntrend.com/cub-cadet-rt65-problems/
RT65: Replacing the Air Filter,https://res.cloudinary.com/dbcpfy04c/image/upload/v1618237451/placeholder.jpg,home-inspiration,,"A clean air filter is crucial for engine performance. This pin directs you to a guide on how to easily replace the air filter on your Cub Cadet RT65.  Improve your mower's efficiency and extend its lifespan! #CubCadetRT65 #AirFilter #LawnMowerMaintenance #DIY,Air Filter,Cub Cadet,RT65",https://lawntrend.com/cub-cadet-rt65-problems/?utm_source=pinterest&utm_campaign=rt65-replacing-the-a,2025-04-28,Maintenance,https://lawntrend.com/cub-cadet-rt65-problems/
Cub Cadet RT65: Understanding Error Codes,https://res.cloudinary.com/dbcpfy04c/image/upload/v1618237451/placeholder.jpg,home-inspiration,,"Does your Cub Cadet RT65 display an error code? This pin links to a guide that explains common error codes and their meanings, helping you diagnose and fix the problem.  Decode the message and get mowing! #CubCadet #ErrorCodes #LawnMowerProblems #DIY,Error Codes,Cub Cadet,RT65",https://lawntrend.com/cub-cadet-rt65-problems/?utm_source=pinterest&utm_campaign=cub-cadet-rt65-under,2025-04-28,Troubleshooting,https://lawntrend.com/cub-cadet-rt65-problems/
RT65: Preventing Rust & Corrosion,https://res.cloudinary.com/dbcpfy04c/image/upload/v1618237451/placeholder.jpg,home-inspiration,,"Protect your Cub Cadet RT65 from rust and corrosion! This pin provides tips on how to prevent rust, ensuring your mower stays in good condition for years to come.  Extend the life of your investment! #CubCadetRT65 #RustPrevention #LawnMowerCare #Tips,Rust Prevention,Cub Cadet,RT65",https://lawntrend.com/cub-cadet-rt65-problems/?utm_source=pinterest&utm_campaign=rt65-preventing-rust,2025-04-28,Tips,https://lawntrend.com/cub-cadet-rt65-problems/
Title,https://res.cloudinary.com/dbcpfy04c/image/upload/v1618237451/placeholder.jpg,home-inspiration,,Description,https://lawntrend.com/cub-cadet-gt2550-problems/?utm_source=pinterest&utm_campaign=title,2025-04-28,Keywords,https://lawntrend.com/cub-cadet-gt2550-problems/
Cub Cadet GT2550: Fix It Yourself!,https://res.cloudinary.com/dbcpfy04c/image/upload/v1618237451/placeholder.jpg,home-inspiration,,"Is your Cub Cadet GT2550 giving you trouble? Don't let lawn care become a headache! This guide tackles common problems like starting issues, blade engagement failures, and erratic movement. We break down troubleshooting steps, potential fixes",https://lawntrend.com/cub-cadet-gt2550-problems/?utm_source=pinterest&utm_campaign=cub-cadet-gt2550-fix,2025-04-28,and even when it's time to call a pro. Save money & get back to enjoying your perfectly manicured lawn! Click to learn how to diagnose & repair your GT2550. Don't give up on your ride! #CubCadet #GT2550 #LawnTractor #DIYRepair,https://lawntrend.com/cub-cadet-gt2550-problems/
GT2550 Blade Engagement Issues?,https://res.cloudinary.com/dbcpfy04c/image/upload/v1618237451/placeholder.jpg,home-inspiration,,"Is your blade refusing to engage on your Cub Cadet GT2550?  This is a common issue! Our guide provides step-by-step instructions to diagnose and fix problems with the blade engagement system, including belt checks, PTO issues",https://lawntrend.com/cub-cadet-gt2550-problems/?utm_source=pinterest&utm_campaign=gt2550-blade-engagem,2025-04-28,and more.  A safe and efficient lawn is within reach! Click to learn more and get mowing! #CubCadet #BladeEngagement #GT2550Repair #LawnCare,https://lawntrend.com/cub-cadet-gt2550-problems/
GT2550: Steering Problems Solved!,https://res.cloudinary.com/dbcpfy04c/image/upload/v1618237451/placeholder.jpg,home-inspiration,,Is your Cub Cadet GT2550 steering feeling loose or unresponsive?  Don't ignore it! This guide covers common steering issues,https://lawntrend.com/cub-cadet-gt2550-problems/?utm_source=pinterest&utm_campaign=gt2550-steering-prob,2025-04-28,from loose connections to worn components.  We'll show you how to diagnose the problem and get your tractor steering straight again.  Enjoy precise control and a beautiful lawn! Click to learn more. #SteeringRepair #CubCadet #GT2550 #LawnTractor,https://lawntrend.com/cub-cadet-gt2550-problems/
Cub Cadet GT2550: Belt Replacement,https://res.cloudinary.com/dbcpfy04c/image/upload/v1618237451/placeholder.jpg,home-inspiration,,A worn or broken belt can bring your GT2550 to a halt.  This pin leads to a detailed guide on how to replace the drive belt and other belts on your Cub Cadet.  We provide clear instructions and helpful tips to make the process easy,https://lawntrend.com/cub-cadet-gt2550-problems/?utm_source=pinterest&utm_campaign=cub-cadet-gt2550-bel,2025-04-28,even for beginners.  Get back to mowing quickly and efficiently! #BeltReplacement #CubCadetGT2550 #DIY #LawnMower,https://lawntrend.com/cub-cadet-gt2550-problems/
GT2550: Electrical System Troubleshooting,https://res.cloudinary.com/dbcpfy04c/image/upload/v1618237451/placeholder.jpg,home-inspiration,,"Electrical issues can be tricky! This guide simplifies troubleshooting the electrical system on your Cub Cadet GT2550.  We cover common problems like blown fuses, faulty wiring",https://lawntrend.com/cub-cadet-gt2550-problems/?utm_source=pinterest&utm_campaign=gt2550-electrical-sy,2025-04-28,and ignition switch issues.  Don't be intimidated – we'll help you get your tractor powered up! Click to learn more. #ElectricalRepair #CubCadet #GT2550 #LawnTractor,https://lawntrend.com/cub-cadet-gt2550-problems/
Cub Cadet GT2550: Overheating Issues?,https://res.cloudinary.com/dbcpfy04c/image/upload/v1618237451/placeholder.jpg,home-inspiration,,Is your GT2550 overheating?  Don't risk engine damage! This pin links to a guide that covers common causes of overheating,https://lawntrend.com/cub-cadet-gt2550-problems/?utm_source=pinterest&utm_campaign=cub-cadet-gt2550-ove,2025-04-28,such as a clogged radiator or a faulty thermostat.  We'll show you how to diagnose the problem and keep your engine cool.  Protect your investment! #Overheating #CubCadetGT2550 #EngineRepair #LawnCare,https://lawntrend.com/cub-cadet-gt2550-problems/
GT2550: Mowing Deck Problems?,https://res.cloudinary.com/dbcpfy04c/image/upload/v1618237451/placeholder.jpg,home-inspiration,,"Having trouble with your GT2550's mowing deck?  From uneven cuts to strange noises, this guide covers common deck issues.  We'll help you diagnose and fix problems with the blades, spindles",https://lawntrend.com/cub-cadet-gt2550-problems/?utm_source=pinterest&utm_campaign=gt2550-mowing-deck-p,2025-04-28,and deck level.  Achieve a professional-looking lawn with ease! Click to learn more. #MowingDeck #CubCadet #GT2550 #LawnMower,https://lawntrend.com/cub-cadet-gt2550-problems/
Cub Cadet GT2550: Battery Care & Replacement,https://res.cloudinary.com/dbcpfy04c/image/upload/v1618237451/placeholder.jpg,home-inspiration,,"A weak battery can leave you stranded. This guide covers battery care, testing",https://lawntrend.com/cub-cadet-gt2550-problems/?utm_source=pinterest&utm_campaign=cub-cadet-gt2550-bat,2025-04-28,and replacement for your Cub Cadet GT2550.  Ensure a reliable start every time! Don't let a dead battery ruin your day. Click to learn more. #BatteryCare #CubCadetGT2550 #LawnTractor #DIY,https://lawntrend.com/cub-cadet-gt2550-problems/
GT2550: Tire Pressure & Maintenance,https://res.cloudinary.com/dbcpfy04c/image/upload/v1618237451/placeholder.jpg,home-inspiration,,"Proper tire pressure is essential for optimal performance. This pin links to a guide on checking and maintaining your GT2550's tires.  Improve traction, handling",https://lawntrend.com/cub-cadet-gt2550-problems/?utm_source=pinterest&utm_campaign=gt2550-tire-pressure,2025-04-28,and fuel efficiency!  A small adjustment can make a big difference. #TirePressure #CubCadet #GT2550 #LawnCare,https://lawntrend.com/cub-cadet-gt2550-problems/
Cub Cadet GT2550: Safety First!,https://res.cloudinary.com/dbcpfy04c/image/upload/v1618237451/placeholder.jpg,home-inspiration,,Before you start any repairs,https://lawntrend.com/cub-cadet-gt2550-problems/?utm_source=pinterest&utm_campaign=cub-cadet-gt2550-saf,2025-04-28,safety is paramount! This pin links to a section of the blog post emphasizing safety precautions when working on your Cub Cadet GT2550.  Protect yourself and prevent accidents.  Always prioritize safety! #SafetyFirst #CubCadetGT2550 #LawnTractor #RepairSafety,https://lawntrend.com/cub-cadet-gt2550-problems/
Cub Cadet GT2550: Common Mistakes to Avoid,https://res.cloudinary.com/dbcpfy04c/image/upload/v1618237451/placeholder.jpg,home-inspiration,,"Don't make these common mistakes when repairing your GT2550! This pin highlights pitfalls to avoid, saving you time, money",https://lawntrend.com/cub-cadet-gt2550-problems/?utm_source=pinterest&utm_campaign=cub-cadet-gt2550-com,2025-04-28,and frustration. Learn from others' experiences and get the job done right. #CubCadet #GT2550 #RepairTips #AvoidMistakes,https://lawntrend.com/cub-cadet-gt2550-problems/
GT2550: When to Call a Professional,https://res.cloudinary.com/dbcpfy04c/image/upload/v1618237451/placeholder.jpg,home-inspiration,,Sometimes,https://lawntrend.com/cub-cadet-gt2550-problems/?utm_source=pinterest&utm_campaign=gt2550-when-to-call-,2025-04-28,a repair is best left to the pros. This pin guides you on when it's time to call a qualified mechanic for your Cub Cadet GT2550.  Don't risk further damage – know your limits! #ProfessionalRepair #CubCadet #GT2550 #LawnTractor,https://lawntrend.com/cub-cadet-gt2550-problems/
Title,https://res.cloudinary.com/dbcpfy04c/image/upload/v1618237451/placeholder.jpg,home-inspiration,,Description,https://lawntrend.com/kawasaki-fr691v-cranks-but-wont-start/?utm_source=pinterest&utm_campaign=title,2025-04-28,Keywords,https://lawntrend.com/kawasaki-fr691v-cranks-but-wont-start/
Kawasaki FR691V: Won't Start? Fix It!,https://res.cloudinary.com/dbcpfy04c/image/upload/v1618237451/placeholder.jpg,home-inspiration,,"Is your Kawasaki FR691V engine cranking but refusing to start? Don't let a frustrating lawnmower issue ruin your weekend! This guide walks you through common culprits like fuel problems, spark plug issues, and carburetor concerns. We'll help you diagnose the problem step-by-step",https://lawntrend.com/kawasaki-fr691v-cranks-but-wont-start/?utm_source=pinterest&utm_campaign=kawasaki-fr691v-wont,2025-04-28,saving you time and money on expensive repairs. Get back to enjoying a perfectly manicured lawn! Click to learn how to revive your engine and get mowing again. #KawasakiEngine #FR691V #LawnmowerRepair #SmallEngineRepair,https://lawntrend.com/kawasaki-fr691v-cranks-but-wont-start/
Kawasaki FR691V: Starting Troubles?,https://res.cloudinary.com/dbcpfy04c/image/upload/v1618237451/placeholder.jpg,home-inspiration,,Facing a no-start situation with your Kawasaki FR691V? It's incredibly common! This pin leads to a detailed blog post covering everything from checking the fuel shut-off valve to diagnosing a faulty safety switch.  We break down complex issues into easy-to-follow instructions,https://lawntrend.com/kawasaki-fr691v-cranks-but-wont-start/?utm_source=pinterest&utm_campaign=kawasaki-fr691v-star,2025-04-28,even for beginners. Don't give up on your mower – a little troubleshooting can save you a lot of hassle. Learn how to get your Kawasaki running smoothly! #KawasakiFR691V #NoStart #LawnmowerProblems #DIYRepair,https://lawntrend.com/kawasaki-fr691v-cranks-but-wont-start/
Fuel Issues & Your FR691V,https://res.cloudinary.com/dbcpfy04c/image/upload/v1618237451/placeholder.jpg,home-inspiration,,"Is old or contaminated fuel the reason your Kawasaki FR691V won't start? This pin highlights the importance of fresh fuel and a clean fuel system. Our blog post details how to drain the tank, check the fuel lines",https://lawntrend.com/kawasaki-fr691v-cranks-but-wont-start/?utm_source=pinterest&utm_campaign=fuel-issues-your-fr6,2025-04-28,and even clean the carburetor.  Don't let bad gas ruin your summer!  Click to learn how to keep your engine fueled for success. #FuelSystem #KawasakiEngine #CarburetorCleaning #LawnCare,https://lawntrend.com/kawasaki-fr691v-cranks-but-wont-start/
Spark Plug Secrets for FR691V,https://res.cloudinary.com/dbcpfy04c/image/upload/v1618237451/placeholder.jpg,home-inspiration,,"A weak or fouled spark plug can prevent your Kawasaki FR691V from starting. This pin focuses on diagnosing and replacing spark plugs.  We show you how to check the spark, gap the plug correctly",https://lawntrend.com/kawasaki-fr691v-cranks-but-wont-start/?utm_source=pinterest&utm_campaign=spark-plug-secrets-f,2025-04-28,and install a new one.  A simple fix can make all the difference!  Don't let a small part cause big problems.  Click to learn more! #SparkPlug #KawasakiFR691V #EngineRepair #DIY,https://lawntrend.com/kawasaki-fr691v-cranks-but-wont-start/
Kawasaki FR691V: Carburetor Fixes,https://res.cloudinary.com/dbcpfy04c/image/upload/v1618237451/placeholder.jpg,home-inspiration,,"Is a dirty carburetor stopping your Kawasaki FR691V? This pin directs you to a comprehensive guide on carburetor cleaning and repair. We cover disassembly, cleaning jets",https://lawntrend.com/kawasaki-fr691v-cranks-but-wont-start/?utm_source=pinterest&utm_campaign=kawasaki-fr691v-carb,2025-04-28,and reassembly.  Don't be intimidated – we make it easy!  Get your engine running like new again. Click to learn the secrets to a clean carburetor! #Carburetor #KawasakiEngine #SmallEngine #Lawnmower,https://lawntrend.com/kawasaki-fr691v-cranks-but-wont-start/
Safety Switch Troubleshooting,https://res.cloudinary.com/dbcpfy04c/image/upload/v1618237451/placeholder.jpg,home-inspiration,,Don't overlook the safety switches! This pin emphasizes the importance of checking safety switches on your Kawasaki FR691V. A faulty switch can prevent the engine from starting,https://lawntrend.com/kawasaki-fr691v-cranks-but-wont-start/?utm_source=pinterest&utm_campaign=safety-switch-troubl,2025-04-28,even if everything else is fine.  We show you how to locate and test these crucial components.  Stay safe and get mowing! #SafetySwitch #KawasakiFR691V #LawnmowerSafety #EngineTroubleshooting,https://lawntrend.com/kawasaki-fr691v-cranks-but-wont-start/
FR691V: Easy Starting Guide,https://res.cloudinary.com/dbcpfy04c/image/upload/v1618237451/placeholder.jpg,home-inspiration,,Struggling to start your Kawasaki FR691V? This pin promises a simple,https://lawntrend.com/kawasaki-fr691v-cranks-but-wont-start/?utm_source=pinterest&utm_campaign=fr691v-easy-starting,2025-04-28,step-by-step guide to diagnosing and fixing common starting problems.  We cover everything from basic checks to more advanced troubleshooting.  Don't waste another day wrestling with your mower! Click to learn how to get it running reliably. #KawasakiEngine #StartingProblems #LawnmowerHelp #DIY,https://lawntrend.com/kawasaki-fr691v-cranks-but-wont-start/
Kawasaki FR691V: Choke Problems?,https://res.cloudinary.com/dbcpfy04c/image/upload/v1618237451/placeholder.jpg,home-inspiration,,Is the choke functioning correctly on your Kawasaki FR691V? This pin highlights the importance of a properly adjusted choke for cold starting.  We explain how to diagnose and fix choke issues.  Start strong,https://lawntrend.com/kawasaki-fr691v-cranks-but-wont-start/?utm_source=pinterest&utm_campaign=kawasaki-fr691v-chok,2025-04-28,even in cold weather! Click to learn more. #Choke #KawasakiFR691V #ColdStart #LawnmowerTips,https://lawntrend.com/kawasaki-fr691v-cranks-but-wont-start/
FR691V: Common Mistakes to Avoid,https://res.cloudinary.com/dbcpfy04c/image/upload/v1618237451/placeholder.jpg,home-inspiration,,Don't make these common mistakes when troubleshooting your Kawasaki FR691V! This pin highlights pitfalls to avoid,https://lawntrend.com/kawasaki-fr691v-cranks-but-wont-start/?utm_source=pinterest&utm_campaign=fr691v-common-mistak,2025-04-28,saving you time and frustration.  Learn from others' experiences! Click to read about common errors. #TroubleshootingTips #KawasakiEngine #LawnmowerRepair #DIY,https://lawntrend.com/kawasaki-fr691v-cranks-but-wont-start/
Kawasaki FR691V: Tools You'll Need,https://res.cloudinary.com/dbcpfy04c/image/upload/v1618237451/placeholder.jpg,home-inspiration,,Before you start,https://lawntrend.com/kawasaki-fr691v-cranks-but-wont-start/?utm_source=pinterest&utm_campaign=kawasaki-fr691v-tool,2025-04-28,make sure you have the right tools! This pin lists the essential tools for repairing your Kawasaki FR691V.  Be prepared for success! Click to see the tool list. #Tools #KawasakiFR691V #EngineRepair #DIYTools,https://lawntrend.com/kawasaki-fr691v-cranks-but-wont-start/
FR691V: When to Call a Pro,https://res.cloudinary.com/dbcpfy04c/image/upload/v1618237451/placeholder.jpg,home-inspiration,,Sometimes,https://lawntrend.com/kawasaki-fr691v-cranks-but-wont-start/?utm_source=pinterest&utm_campaign=fr691v-when-to-call-,2025-04-28,it's best to leave it to the experts. This pin advises when to seek professional help with your Kawasaki FR691V.  Don't risk further damage! Click to learn when to call a mechanic. #ProfessionalRepair #KawasakiEngine #LawnmowerService #WhenToCall,https://lawntrend.com/kawasaki-fr691v-cranks-but-wont-start/
Title,https://res.cloudinary.com/dbcpfy04c/image/upload/v1618237451/placeholder.jpg,home-inspiration,,Description,https://lawntrend.com/kawasaki-fr600v-wont-start/?utm_source=pinterest&utm_campaign=title,2025-04-28,Keywords,https://lawntrend.com/kawasaki-fr600v-wont-start/
Kawasaki FR600V: Won't Start? Fix It!,https://res.cloudinary.com/dbcpfy04c/image/upload/v1618237451/placeholder.jpg,home-inspiration,,"Is your Kawasaki FR600V engine refusing to start? Don't let a stalled mower ruin your weekend! This guide walks you through common causes – from a dirty carburetor to a faulty spark plug – and provides step-by-step solutions to get you back to mowing.  We cover fuel issues, ignition problems",https://lawntrend.com/kawasaki-fr600v-wont-start/?utm_source=pinterest&utm_campaign=kawasaki-fr600v-wont,2025-04-28,and safety checks.  Frustrated with lawn equipment repairs? We've got you covered! Click to diagnose & fix it yourself and save money! #KawasakiFR600V #LawnMowerRepair #SmallEngineRepair #DIYRepair,https://lawntrend.com/kawasaki-fr600v-wont-start/
Kawasaki FR600V Starting Issues?,https://res.cloudinary.com/dbcpfy04c/image/upload/v1618237451/placeholder.jpg,home-inspiration,,"Don't panic! A Kawasaki FR600V that won't start can be stressful, but often it's a simple fix. This post details troubleshooting steps for fuel delivery, ignition, and compression.  Learn how to check your spark plug, clean the carburetor",https://lawntrend.com/kawasaki-fr600v-wont-start/?utm_source=pinterest&utm_campaign=kawasaki-fr600v-star,2025-04-28,and ensure proper fuel flow.  Avoid expensive mechanic bills – empower yourself with this easy-to-follow guide!  Get your lawn back to looking its best! #KawasakiEngine #NoStart #EngineTroubleshooting #MowerProblems,https://lawntrend.com/kawasaki-fr600v-wont-start/
FR600V: Carburetor Cleaning Guide,https://res.cloudinary.com/dbcpfy04c/image/upload/v1618237451/placeholder.jpg,home-inspiration,,"Is a clogged carburetor the culprit behind your Kawasaki FR600V's starting woes? This pin leads to a detailed guide on how to safely and effectively clean your carburetor.  We provide clear instructions and helpful images to make the process easy, even for beginners.  Restore your engine's performance and enjoy a smooth-running mower! Don't delay",https://lawntrend.com/kawasaki-fr600v-wont-start/?utm_source=pinterest&utm_campaign=fr600v-carburetor-cl,2025-04-28,get mowing today! #CarburetorCleaning #KawasakiFR600V #SmallEngineMaintenance #DIY,https://lawntrend.com/kawasaki-fr600v-wont-start/
Spark Plug Secrets for FR600V,https://res.cloudinary.com/dbcpfy04c/image/upload/v1618237451/placeholder.jpg,home-inspiration,,"A faulty spark plug can easily prevent your Kawasaki FR600V from starting.  Learn how to inspect, test, and replace your spark plug with our comprehensive guide.  We explain the importance of the correct spark plug gap and provide recommendations for replacement.  A small part",https://lawntrend.com/kawasaki-fr600v-wont-start/?utm_source=pinterest&utm_campaign=spark-plug-secrets-f,2025-04-28,big impact!  Click to learn more and get your engine firing! #SparkPlug #KawasakiFR600V #EngineRepair #IgnitionSystem,https://lawntrend.com/kawasaki-fr600v-wont-start/
FR600V: Safety First! Engine Repair,https://res.cloudinary.com/dbcpfy04c/image/upload/v1618237451/placeholder.jpg,home-inspiration,,"Safety is paramount when working on your Kawasaki FR600V. This pin highlights the important safety precautions to take before, during",https://lawntrend.com/kawasaki-fr600v-wont-start/?utm_source=pinterest&utm_campaign=fr600v-safety-first-,2025-04-28,and after engine repair.  Protect yourself and your equipment with our essential safety tips.  Don't risk injury – work safely! #EngineSafety #KawasakiFR600V #RepairTips #SafetyFirst,https://lawntrend.com/kawasaki-fr600v-wont-start/
FR600V: Air Filter Inspection & Cleaning,https://res.cloudinary.com/dbcpfy04c/image/upload/v1618237451/placeholder.jpg,home-inspiration,,"A dirty air filter can restrict airflow and cause starting problems with your Kawasaki FR600V.  Learn how to inspect, clean",https://lawntrend.com/kawasaki-fr600v-wont-start/?utm_source=pinterest&utm_campaign=fr600v-air-filter-in,2025-04-28,and replace your air filter with our easy-to-follow guide.  Keep your engine breathing freely for optimal performance! #AirFilter #KawasakiFR600V #EngineMaintenance #LawnCareTips,https://lawntrend.com/kawasaki-fr600v-wont-start/
Kawasaki FR600V: Winter Storage Prep,https://res.cloudinary.com/dbcpfy04c/image/upload/v1618237451/placeholder.jpg,home-inspiration,,Proper winter storage can prevent starting problems with your Kawasaki FR600V. This pin links to a guide on how to prepare your engine for long-term storage,https://lawntrend.com/kawasaki-fr600v-wont-start/?utm_source=pinterest&utm_campaign=kawasaki-fr600v-wint,2025-04-28,including fuel stabilization and battery maintenance.  Protect your investment! #WinterStorage #KawasakiEngine #LawnMowerMaintenance #OffSeasonCare,https://lawntrend.com/kawasaki-fr600v-wont-start/
Kawasaki FR600V: Choke Operation Explained,https://res.cloudinary.com/dbcpfy04c/image/upload/v1618237451/placeholder.jpg,home-inspiration,,Understanding the choke operation is crucial for starting your Kawasaki FR600V,https://lawntrend.com/kawasaki-fr600v-wont-start/?utm_source=pinterest&utm_campaign=kawasaki-fr600v-chok,2025-04-28,especially in cold weather. This pin leads to a guide that explains how the choke works and how to use it correctly. #Choke #KawasakiEngine #StartingTips #ColdWeatherStarting,https://lawntrend.com/kawasaki-fr600v-wont-start/
Kawasaki FR600V: Repair Resources,https://res.cloudinary.com/dbcpfy04c/image/upload/v1618237451/placeholder.jpg,home-inspiration,,"Need more help with your Kawasaki FR600V? This pin directs you to a collection of helpful repair resources, including manuals, diagrams",https://lawntrend.com/kawasaki-fr600v-wont-start/?utm_source=pinterest&utm_campaign=kawasaki-fr600v-repa,2025-04-28,and online forums. #RepairResources #KawasakiEngine #LawnMowerHelp #DIYRepair,https://lawntrend.com/kawasaki-fr600v-wont-start/
FR600V: Get Your Mower Running Again!,https://res.cloudinary.com/dbcpfy04c/image/upload/v1618237451/placeholder.jpg,home-inspiration,,Don't give up on your Kawasaki FR600V! This pin is a general call to action,https://lawntrend.com/kawasaki-fr600v-wont-start/?utm_source=pinterest&utm_campaign=fr600v-get-your-mowe,2025-04-28,encouraging users to click through to the blog post for a comprehensive guide to fixing starting problems.  Get back to enjoying your lawn! #KawasakiFR600V #LawnMowerRepair #EngineFix #DIY,https://lawntrend.com/kawasaki-fr600v-wont-start/
Title,https://res.cloudinary.com/dbcpfy04c/image/upload/v1618237451/placeholder.jpg,home-inspiration,,Description,https://lawntrend.com/cub-cadet-gtx-1054-pto-problems/?utm_source=pinterest&utm_campaign=title,2025-04-28,Keywords,https://lawntrend.com/cub-cadet-gtx-1054-pto-problems/
Cub Cadet GTX 1054 PTO: Fix It!,https://res.cloudinary.com/dbcpfy04c/image/upload/v1618237451/placeholder.jpg,home-inspiration,,"Is your Cub Cadet GTX 1054 PTO acting up? Don't let a faulty PTO ruin your lawn care! This guide dives deep into common GTX 1054 PTO problems – from engagement issues to complete failure. We'll walk you through troubleshooting steps, potential causes (like worn belts & clutches), and even DIY repair solutions. Save money & get back to mowing! Click to learn how to diagnose & fix your PTO and enjoy a perfectly manicured lawn again.  Don't stress",https://lawntrend.com/cub-cadet-gtx-1054-pto-problems/?utm_source=pinterest&utm_campaign=cub-cadet-gtx-1054-p,2025-04-28,we've got you covered! #CubCadet #GTX1054 #PTOProblems #LawnMowerRepair,https://lawntrend.com/cub-cadet-gtx-1054-pto-problems/
GTX 1054 PTO: Belt Issues?,https://res.cloudinary.com/dbcpfy04c/image/upload/v1618237451/placeholder.jpg,home-inspiration,,"Is a worn or broken belt causing your Cub Cadet GTX 1054 PTO problems? This pin highlights the importance of belt maintenance and inspection. Our blog post provides a step-by-step guide to checking, replacing",https://lawntrend.com/cub-cadet-gtx-1054-pto-problems/?utm_source=pinterest&utm_campaign=gtx-1054-pto-belt-is,2025-04-28,and tensioning your PTO belt.  A simple belt replacement can save you hours of frustration! Click to learn more and keep your mower running smoothly. #CubCadet #PTOBelt #GTX1054 #LawnCare,https://lawntrend.com/cub-cadet-gtx-1054-pto-problems/
Cub Cadet GTX 1054: Clutch Fixes,https://res.cloudinary.com/dbcpfy04c/image/upload/v1618237451/placeholder.jpg,home-inspiration,,"A failing PTO clutch on your Cub Cadet GTX 1054 can be a real headache. This pin directs you to our detailed guide on diagnosing and repairing PTO clutch issues. We cover symptoms, testing procedures",https://lawntrend.com/cub-cadet-gtx-1054-pto-problems/?utm_source=pinterest&utm_campaign=cub-cadet-gtx-1054-c,2025-04-28,and replacement options. Don't let a bad clutch stop you from enjoying your weekend! Click to get your mower back in action. #CubCadet #PTOClutch #GTX1054 #MowerMaintenance,https://lawntrend.com/cub-cadet-gtx-1054-pto-problems/
DIY Cub Cadet PTO Repair,https://res.cloudinary.com/dbcpfy04c/image/upload/v1618237451/placeholder.jpg,home-inspiration,,Feeling confident? This pin encourages DIY repairs for your Cub Cadet GTX 1054 PTO. Our blog post provides clear,https://lawntrend.com/cub-cadet-gtx-1054-pto-problems/?utm_source=pinterest&utm_campaign=diy-cub-cadet-pto-re,2025-04-28,concise instructions and helpful visuals to guide you through the process. Save money and gain valuable skills! Click to learn how to tackle PTO problems yourself. #DIYRepair #CubCadet #GTX1054 #PTO,https://lawntrend.com/cub-cadet-gtx-1054-pto-problems/
GTX 1054 PTO: Safety First!,https://res.cloudinary.com/dbcpfy04c/image/upload/v1618237451/placeholder.jpg,home-inspiration,,Before you start any PTO repair on your Cub Cadet GTX 1054,https://lawntrend.com/cub-cadet-gtx-1054-pto-problems/?utm_source=pinterest&utm_campaign=gtx-1054-pto-safety-,2025-04-28,safety is paramount! This pin emphasizes the importance of disconnecting the spark plug and following proper safety procedures. Our blog post includes a safety checklist to ensure a safe and successful repair. Click to learn how to work safely on your mower. #CubCadet #SafetyFirst #GTX1054 #PTO,https://lawntrend.com/cub-cadet-gtx-1054-pto-problems/
GTX 1054 PTO: Common Mistakes,https://res.cloudinary.com/dbcpfy04c/image/upload/v1618237451/placeholder.jpg,home-inspiration,,Avoid common mistakes when repairing your Cub Cadet GTX 1054 PTO! This pin links to our blog post,https://lawntrend.com/cub-cadet-gtx-1054-pto-problems/?utm_source=pinterest&utm_campaign=gtx-1054-pto-common-,2025-04-28,which details pitfalls to avoid and best practices for a successful repair.  Learn from our experience and save yourself time and frustration. Click to read more. #CubCadet #GTX1054 #PTO #RepairTips,https://lawntrend.com/cub-cadet-gtx-1054-pto-problems/
PTO Engagement Problems Solved,https://res.cloudinary.com/dbcpfy04c/image/upload/v1618237451/placeholder.jpg,home-inspiration,,Is your Cub Cadet GTX 1054 PTO intermittently engaging? This pin focuses on solutions for intermittent engagement issues. Our blog post covers potential causes and repair steps.  Get a consistent,https://lawntrend.com/cub-cadet-gtx-1054-pto-problems/?utm_source=pinterest&utm_campaign=pto-engagement-probl,2025-04-28,reliable PTO! Click to learn how. #CubCadet #PTOEngagement #GTX1054 #MowerFix,https://lawntrend.com/cub-cadet-gtx-1054-pto-problems/
Cub Cadet GTX 1054: PTO Diagram,https://res.cloudinary.com/dbcpfy04c/image/upload/v1618237451/placeholder.jpg,home-inspiration,,Visual learners rejoice! This pin features a diagram of the Cub Cadet GTX 1054 PTO system,https://lawntrend.com/cub-cadet-gtx-1054-pto-problems/?utm_source=pinterest&utm_campaign=cub-cadet-gtx-1054-p,2025-04-28,linking to our blog post for detailed explanations of each component.  Understand your PTO inside and out! Click to explore. #CubCadet #GTX1054 #PTODiagram #LawnMowerParts,https://lawntrend.com/cub-cadet-gtx-1054-pto-problems/
Cub Cadet PTO: When to Replace?,https://res.cloudinary.com/dbcpfy04c/image/upload/v1618237451/placeholder.jpg,home-inspiration,,Knowing when to replace PTO components on your Cub Cadet GTX 1054 can prevent further damage. This pin directs you to our blog post,https://lawntrend.com/cub-cadet-gtx-1054-pto-problems/?utm_source=pinterest&utm_campaign=cub-cadet-pto-when-t,2025-04-28,which outlines wear and tear indicators.  Don't wait for a complete failure! Click to read more. #CubCadet #PTOReplacement #GTX1054 #MowerParts,https://lawntrend.com/cub-cadet-gtx-1054-pto-problems/
GTX 1054 PTO: Parts Guide,https://res.cloudinary.com/dbcpfy04c/image/upload/v1618237451/placeholder.jpg,home-inspiration,,Need to replace PTO parts on your Cub Cadet GTX 1054? This pin links to our blog post,https://lawntrend.com/cub-cadet-gtx-1054-pto-problems/?utm_source=pinterest&utm_campaign=gtx-1054-pto-parts-g,2025-04-28,which provides information on identifying and sourcing the correct parts.  Get the right parts for the job! Click to explore. #CubCadet #GTX1054 #PTOParts #LawnMowerParts,https://lawntrend.com/cub-cadet-gtx-1054-pto-problems/
Don't Replace,https://res.cloudinary.com/dbcpfy04c/image/upload/v1618237451/placeholder.jpg,home-inspiration,,"Repair Your PTO!,Before you spend money on a new PTO",https://lawntrend.com/cub-cadet-gtx-1054-pto-problems/?utm_source=pinterest&utm_campaign=dont-replace,2025-04-28,see if you can repair the existing one! This pin encourages DIY repair for your Cub Cadet GTX 1054 PTO. Our blog post provides the knowledge and tools you need. Click to learn how to save money. #CubCadet #GTX1054 #PTORepair #SaveMoney,https://lawntrend.com/cub-cadet-gtx-1054-pto-problems/
Title,https://res.cloudinary.com/dbcpfy04c/image/upload/v1618237451/placeholder.jpg,home-inspiration,,Description,https://lawntrend.com/cub-cadet-xt1-starter-problems/?utm_source=pinterest&utm_campaign=title,2025-04-28,Keywords,https://lawntrend.com/cub-cadet-xt1-starter-problems/
Cub Cadet XT1: Starter Fixes!,https://res.cloudinary.com/dbcpfy04c/image/upload/v1618237451/placeholder.jpg,home-inspiration,,Is your Cub Cadet XT1 refusing to start? Don't let a frustrating starter issue ruin your weekend! This guide dives deep into common problems – from a dead battery to a faulty solenoid – and provides clear,https://lawntrend.com/cub-cadet-xt1-starter-problems/?utm_source=pinterest&utm_campaign=cub-cadet-xt1-starte,2025-04-28,step-by-step solutions you can tackle yourself. Save money on repair bills and get back to enjoying your lawn. Click to learn how to diagnose & fix it! #CubCadet #XT1 #LawnMowerRepair #StarterProblems #DIYRepair,https://lawntrend.com/cub-cadet-xt1-starter-problems/
Cub Cadet XT1: Battery Basics,https://res.cloudinary.com/dbcpfy04c/image/upload/v1618237451/placeholder.jpg,home-inspiration,,"Is a weak battery the culprit behind your XT1's starting problems?  This pin directs you to a guide that explains how to test your battery, properly charge it",https://lawntrend.com/cub-cadet-xt1-starter-problems/?utm_source=pinterest&utm_campaign=cub-cadet-xt1-batter,2025-04-28,and determine if it needs replacing.  Don't get stranded mid-mow!  Learn essential battery maintenance for a reliable start every time. #CubCadetXT1 #BatteryMaintenance #LawnMowerTips #StartingProblems,https://lawntrend.com/cub-cadet-xt1-starter-problems/
Cub Cadet XT1: Fuel System Check,https://res.cloudinary.com/dbcpfy04c/image/upload/v1618237451/placeholder.jpg,home-inspiration,,Is your XT1 getting fuel? A fuel delivery issue can mimic a starter problem. This pin links to a guide that helps you troubleshoot your XT1's fuel system,https://lawntrend.com/cub-cadet-xt1-starter-problems/?utm_source=pinterest&utm_campaign=cub-cadet-xt1-fuel-s,2025-04-28,ensuring it's delivering the necessary power for a smooth start. Don't overlook this crucial step! #CubCadetXT1 #FuelSystem #LawnMowerTroubleshooting #NoStart,https://lawntrend.com/cub-cadet-xt1-starter-problems/
XT1 Starter Motor Replacement Guide,https://res.cloudinary.com/dbcpfy04c/image/upload/v1618237451/placeholder.jpg,home-inspiration,,Need to replace the starter motor on your Cub Cadet XT1? This pin points to a detailed,https://lawntrend.com/cub-cadet-xt1-starter-problems/?utm_source=pinterest&utm_campaign=xt1-starter-motor-re,2025-04-28,step-by-step guide with photos and clear instructions.  Don't be intimidated – you can do this!  Get your mower running like new again. #CubCadet #XT1 #StarterMotorReplacement #DIY,https://lawntrend.com/cub-cadet-xt1-starter-problems/
XT1 Won't Start? Quick Checks!,https://res.cloudinary.com/dbcpfy04c/image/upload/v1618237451/placeholder.jpg,home-inspiration,,Before diving into complex repairs,https://lawntrend.com/cub-cadet-xt1-starter-problems/?utm_source=pinterest&utm_campaign=xt1-wont-start-quick,2025-04-28,try these quick checks! This pin links to a guide outlining simple troubleshooting steps for a Cub Cadet XT1 that won't start.  You might be surprised how easy it is to fix! #CubCadet #XT1 #Troubleshooting #LawnMowerProblems,https://lawntrend.com/cub-cadet-xt1-starter-problems/
Cub Cadet XT1: Starter Diagram,https://res.cloudinary.com/dbcpfy04c/image/upload/v1618237451/placeholder.jpg,home-inspiration,,Visual learners rejoice! This pin leads to a detailed diagram of the Cub Cadet XT1's starter system,https://lawntrend.com/cub-cadet-xt1-starter-problems/?utm_source=pinterest&utm_campaign=cub-cadet-xt1-starte,2025-04-28,helping you understand the components and their connections.  Simplify your troubleshooting process. #CubCadetXT1 #StarterDiagram #LawnMowerParts #RepairHelp,https://lawntrend.com/cub-cadet-xt1-starter-problems/
XT1 Starter: Common Mistakes,https://res.cloudinary.com/dbcpfy04c/image/upload/v1618237451/placeholder.jpg,home-inspiration,,Avoid these common mistakes when working on your Cub Cadet XT1's starter! This pin links to a guide highlighting pitfalls to avoid,https://lawntrend.com/cub-cadet-xt1-starter-problems/?utm_source=pinterest&utm_campaign=xt1-starter-common-m,2025-04-28,saving you time and frustration.  Learn from the experts! #CubCadet #XT1 #LawnMowerRepair #DIYTips,https://lawntrend.com/cub-cadet-xt1-starter-problems/
XT1 Starter: When to Call a Pro,https://res.cloudinary.com/dbcpfy04c/image/upload/v1618237451/placeholder.jpg,home-inspiration,,Sometimes,https://lawntrend.com/cub-cadet-xt1-starter-problems/?utm_source=pinterest&utm_campaign=xt1-starter-when-to-,2025-04-28,it's best to leave it to the professionals. This pin links to a guide that helps you determine when a starter problem is beyond your DIY capabilities.  Know your limits! #CubCadet #XT1 #LawnMowerRepair #ProfessionalHelp,https://lawntrend.com/cub-cadet-xt1-starter-problems/
Cub Cadet XT1: Starter Upgrade?,https://res.cloudinary.com/dbcpfy04c/image/upload/v1618237451/placeholder.jpg,home-inspiration,,Considering an upgrade? This pin leads to a guide discussing potential starter upgrades for your Cub Cadet XT1,https://lawntrend.com/cub-cadet-xt1-starter-problems/?utm_source=pinterest&utm_campaign=cub-cadet-xt1-starte,2025-04-28,improving performance and reliability.  Take your mower to the next level! #CubCadetXT1 #StarterUpgrade #LawnMowerPerformance #DIYMods,https://lawntrend.com/cub-cadet-xt1-starter-problems/
XT1 Starter: Winter Storage Tips,https://res.cloudinary.com/dbcpfy04c/image/upload/v1618237451/placeholder.jpg,home-inspiration,,Protect your XT1's starter during winter storage! This pin links to a guide with tips on preparing your mower for the off-season,https://lawntrend.com/cub-cadet-xt1-starter-problems/?utm_source=pinterest&utm_campaign=xt1-starter-winter-s,2025-04-28,ensuring a smooth start next spring.  Don't let it sit idle! #CubCadet #XT1 #WinterStorage #LawnMowerCare,https://lawntrend.com/cub-cadet-xt1-starter-problems/
Cub Cadet XT1: Starter & Engine Link,https://res.cloudinary.com/dbcpfy04c/image/upload/v1618237451/placeholder.jpg,home-inspiration,,Understand how the starter interacts with the engine. This pin directs you to a guide explaining the relationship between the two,https://lawntrend.com/cub-cadet-xt1-starter-problems/?utm_source=pinterest&utm_campaign=cub-cadet-xt1-starte,2025-04-28,helping you diagnose complex starting issues. #CubCadetXT1 #EngineRepair #LawnMowerMechanics #StarterSystem,https://lawntrend.com/cub-cadet-xt1-starter-problems/
XT1 Starter: Save Money on Repairs,https://res.cloudinary.com/dbcpfy04c/image/upload/v1618237451/placeholder.jpg,home-inspiration,,Stop throwing money away on expensive repairs! This pin links to a guide that empowers you to fix your Cub Cadet XT1's starter yourself,https://lawntrend.com/cub-cadet-xt1-starter-problems/?utm_source=pinterest&utm_campaign=xt1-starter-save-mon,2025-04-28,saving you time and money. #CubCadet #XT1 #DIYRepair #SaveMoney,https://lawntrend.com/cub-cadet-xt1-starter-problems/
Cub Cadet XT1: Starter FAQs,https://res.cloudinary.com/dbcpfy04c/image/upload/v1618237451/placeholder.jpg,home-inspiration,,Got questions? This pin leads to a frequently asked questions (FAQ) section about Cub Cadet XT1 starter problems,https://lawntrend.com/cub-cadet-xt1-starter-problems/?utm_source=pinterest&utm_campaign=cub-cadet-xt1-starte,2025-04-28,providing quick answers to common concerns. #CubCadetXT1 #FAQ #LawnMowerHelp #Troubleshooting,https://lawntrend.com/cub-cadet-xt1-starter-problems/
